,ammsst,ea,epo,nao,nina1,nina3,nina34,nina4,noi,pacwarm,pna,qbo,soi,solar,tna,tni,tsa,whwp,wp
1951_1,2.14,-0.74,-0.81,-0.42,24.11,24.79,25.24,27.21,2.702,-0.728,-1.18,-6.01,2.5,1079,0.06,1.315,-0.98,-0.17,-0.07
1951_2,0.94,-1.66,-1.32,0.35,25.19,25.65,25.71,27.09,1.878,-0.836,-2.11,-5.32,1.5,1019,-0.17,1.461,-0.7,-0.3,-0.58
1951_3,2.29,0.11,0.2,-1.47,25.74,26.87,26.9,27.74,3.103,-0.798,-1.09,-1.93,-0.2,1025,-0.07,1.59,-0.87,-0.93,-0.29
1951_4,3.63,-2.31,0.02,-0.38,25.29,27.37,27.58,28.21,-3.88,-0.799,0.47,0.91,-0.5,1271,0.17,1.457,-0.51,-0.7,-0.19
1951_5,3.7,0.93,-0.04,-0.5,24.59,27.07,27.92,29.18,-2.213,-0.674,1.19,2.26,-1.1,1686,0.14,1.615,-0.37,-0.93,0.7
1951_6,3.85,1.91,-0.62,-1.35,24.61,26.66,27.73,29.05,-0.903,-0.773,-0.54,-0.3,0.3,1617,0.17,1.627,-0.26,-0.56,0.1
1951_7,2.87,-0.86,0.98,1.39,23.82,26.42,27.6,29.12,-0.336,-0.808,-0.44,-2.7,-1.7,1163,0.41,1.521,-0.11,-0.07,0.88
1951_8,0.98,-3.26,0.41,-0.41,22.18,25.52,27.02,28.53,-0.872,-0.89,0.02,-5.31,-0.4,1098,0.2,1.493,0.05,2.23,0.73
1951_9,-0.04,-0.26,1.42,-1.18,21.29,25.36,27.23,28.64,-1.36,-0.645,-0.08,-5.92,-1.8,1178,0.15,1.255,0.05,1.5,-3.45
1951_10,-0.97,0.59,-0.11,2.54,21.74,25.58,27.2,28.54,0.21,-0.512,0.43,-4.59,-1.6,1060,0.09,0.799,0.03,1.55,-0.47
1951_11,-1.19,0.48,0.62,-0.54,22.34,25.91,27.25,28.65,-1.165,-0.585,0.21,-3.65,-1.3,1044,-0.03,0.492,-0.08,1.09,0.62
1952_1,-2.89,-1.07,1.59,0.57,24.36,25.8,26.67,28.28,-1.444,-0.541,-3.19,-6.8,-1.5,954,-0.41,0.168,0.06,-0.07,1.43
1952_2,-1.44,-1.46,-1.09,-1.38,26.02,26.37,26.74,28.04,2.156,-0.535,0.08,-7.71,-1.0,862,-0.15,-0.293,-0.01,-0.26,0.88
1952_3,0.92,0.16,-2.13,-1.97,26.08,27.05,27.17,27.98,1.74,-0.62,-0.69,-6.99,0.9,785,-0.02,-0.368,-0.08,-0.31,0.06
1952_4,1.13,0.12,-2.44,0.95,24.44,27.27,27.8,28.47,-1.652,-0.621,0.89,-5.68,-0.4,840,0.04,-0.374,-0.08,0.35,0.28
1952_5,2.09,0.24,0.06,-0.99,23.48,26.64,27.79,28.67,0.535,-0.667,-0.79,-4.76,1.2,809,0.13,-0.567,-0.19,0.24,0.93
1952_6,3.27,-0.4,-0.25,-0.1,21.93,25.7,27.18,28.49,0.015,-0.804,0.53,-6.0,1.2,848,0.28,-0.718,0.07,0.85,1.08
1952_7,2.36,-1.26,1.3,-0.06,20.73,24.82,26.53,28.12,-0.538,-0.853,-1.57,-7.6,0.8,888,0.17,-0.702,-0.07,-0.16,-1.02
1952_8,2.04,-0.95,1.35,-0.49,19.89,24.44,26.3,28.0,1.034,-0.931,0.77,-8.15,0.1,933,0.16,-0.703,-0.01,2.42,-1.43
1952_9,2.24,-1.68,0.35,-0.38,19.37,24.26,26.36,28.39,0.375,-0.745,0.4,-5.73,-0.4,815,0.37,-0.704,-0.04,2.44,-1.94
1952_10,2.08,-0.42,1.1,-0.28,20.37,24.36,26.26,28.06,0.623,-0.692,1.05,-2.96,0.6,828,0.26,-0.449,-0.08,1.73,1.39
1952_11,2.25,-1.55,-0.62,-1.32,20.83,24.07,25.92,28.16,1.179,-0.802,0.77,-0.51,0.0,834,0.28,-0.566,0.0,1.05,0.61
1953_1,3.16,0.84,0.24,-0.12,24.13,25.72,26.74,27.97,1.742,-0.657,0.18,-2.94,0.5,832,0.46,-0.027,-0.15,-0.17,-1.24
1953_2,2.8,-0.25,-1.51,-1.0,26.27,26.63,27.0,27.98,7.614,-0.556,1.04,-2.68,-0.8,728,0.41,0.15,-0.25,-0.12,1.38
1953_3,1.32,1.73,-2.29,-0.45,27.22,27.52,27.57,28.03,2.595,-0.492,-0.44,-1.22,-0.3,704,-0.04,0.325,0.01,0.57,0.58
1953_4,2.12,-1.66,-0.07,-1.96,27.0,27.72,28.04,28.49,-0.952,-0.554,0.78,1.3,0.3,810,0.18,0.55,-0.29,1.58,-1.86
1953_5,2.34,0.09,-0.63,-0.56,25.43,27.37,28.28,28.92,-0.631,-0.628,1.14,2.69,-2.8,725,0.11,0.428,-0.14,0.09,-0.51
1953_6,1.45,-0.71,3.88,1.41,23.43,26.88,28.12,29.15,1.682,-0.675,-1.6,1.86,0.2,730,0.13,0.532,-0.1,0.48,-0.57
1953_7,1.45,-0.71,0.99,0.43,21.96,25.74,27.43,28.84,0.185,-0.666,0.27,0.1,-0.0,698,0.18,0.409,-0.07,0.25,-1.1
1953_8,1.52,-1.41,-0.54,-1.04,21.18,25.06,26.94,28.57,0.197,-0.68,-1.15,-1.21,-2.0,755,0.24,0.196,-0.06,1.56,1.04
1953_9,1.52,0.58,0.12,-0.19,21.06,25.19,27.01,28.3,-0.722,-0.82,-0.14,-1.28,-2.1,743,0.2,0.12,0.04,1.3,-0.86
1953_10,0.35,0.0,-0.52,1.95,20.84,25.1,26.87,28.66,1.669,-0.678,2.27,-0.39,0.1,719,0.16,0.128,0.03,0.47,0.36
1953_11,0.69,0.16,-2.15,0.96,21.51,25.15,26.88,28.59,-0.853,-0.64,1.57,-0.59,-0.5,714,0.16,-0.426,-0.18,1.21,-0.44
1954_1,0.97,0.52,0.6,-0.08,22.66,25.5,26.98,28.36,0.5,-0.487,-2.11,-5.05,1.1,687,0.1,-0.655,-0.43,-0.13,-0.26
1954_2,0.82,0.03,-1.75,0.4,24.88,26.27,27.03,28.17,1.101,-0.404,-0.48,-6.88,-0.5,692,-0.12,-1.25,-0.5,-0.29,-0.67
1954_3,-0.17,0.48,1.51,-1.27,25.17,26.56,26.9,27.97,-1.303,-0.485,-1.44,-7.98,0.4,719,-0.26,-1.788,-0.52,-0.77,0.66
1954_4,-0.44,-0.29,0.08,1.31,22.45,25.61,26.64,27.92,0.761,-0.572,-2.86,-9.01,1.1,687,-0.46,-1.702,-0.4,-1.49,-0.53
1954_5,1.68,-2.13,0.2,-0.03,21.43,25.62,27.12,28.21,-1.173,-0.723,0.65,-11.38,0.8,680,0.05,-1.839,-0.61,-1.29,1.39
1954_6,1.2,0.58,-1.64,0.06,20.66,25.04,26.8,28.17,0.498,-0.672,0.09,-12.72,0.2,673,0.04,-1.8,-0.57,-1.71,-1.63
1954_7,0.39,-1.5,-1.79,-0.57,19.13,24.35,26.11,27.81,0.403,-0.682,-0.14,-13.4,0.7,677,-0.19,-1.338,-0.66,-1.74,-0.34
1954_8,-0.86,0.29,0.83,-2.57,19.31,23.56,25.43,27.63,1.899,-0.594,-0.11,-14.53,1.8,699,-0.13,-0.982,-0.39,-0.79,1.89
1954_9,-1.25,-1.04,0.31,-0.28,19.02,23.17,25.12,27.49,1.242,-0.76,-0.04,-12.83,0.3,701,-0.23,-0.607,-0.25,-0.7,0.94
1954_10,-1.69,0.34,-0.53,1.16,18.98,23.32,25.23,27.28,0.072,-0.803,0.99,-10.35,0.4,732,-0.32,-0.464,-0.14,-3.83,-2.15
1954_11,-1.6,-0.51,-0.48,0.29,20.2,23.64,25.57,27.54,-0.26,-0.885,1.38,-9.99,0.2,726,-0.17,-0.189,-0.12,-1.95,-0.88
1955_1,0.63,-0.79,-1.32,-2.65,23.72,24.8,25.61,27.41,2.308,-0.538,-0.14,-5.82,-0.9,843,0.09,0.316,-0.42,-0.17,0.4
1955_2,1.62,-1.69,-1.71,-1.71,24.97,25.7,25.81,27.11,7.473,-0.643,-2.62,-1.71,3.1,820,0.07,0.489,-0.6,-0.3,-0.66
1955_3,1.03,0.25,-0.13,-0.96,25.12,26.3,26.22,27.09,4.596,-0.734,-2.47,1.37,1.1,748,-0.04,0.619,-0.45,-0.87,0.51
1955_4,1.95,-0.01,-1.35,-0.6,24.3,26.27,26.6,27.57,1.63,-0.909,-0.24,4.4,-0.2,773,-0.01,0.358,-0.52,-2.21,1.18
1955_5,1.61,0.92,-1.61,-0.26,22.26,25.43,26.66,27.82,3.862,-1.068,-0.42,6.58,1.7,828,-0.12,0.399,-0.34,-1.76,-0.26
1955_6,2.14,1.43,-2.84,-0.8,21.2,24.93,26.55,28.01,1.871,-1.027,0.11,6.73,2.2,888,-0.01,0.319,-0.44,-1.89,0.7
1955_7,2.7,0.55,-1.49,1.78,20.52,24.4,26.15,28.04,1.333,-0.815,-1.32,5.99,2.6,873,0.12,0.045,-0.27,-1.96,1.72
1955_8,3.05,1.44,0.61,1.25,19.46,23.66,25.51,27.54,1.983,-0.686,-0.55,7.2,2.4,907,0.17,0.147,-0.46,-0.93,-1.19
1955_9,2.93,-1.21,-0.15,0.46,19.26,23.22,25.28,27.41,1.979,-0.566,-0.22,8.16,2.2,951,0.16,0.346,-0.41,-0.65,1.29
1955_10,3.55,-0.39,-1.09,-1.09,19.2,22.58,24.41,26.76,2.494,-0.726,0.51,9.02,2.5,1118,0.21,0.411,-0.28,-0.33,1.2
1955_11,4.25,0.62,-0.37,-1.49,19.83,22.71,24.25,26.69,3.016,-0.805,-0.93,7.63,2.0,1300,0.45,0.545,-0.2,0.62,-1.13
1956_1,4.38,-0.74,-0.39,-0.76,23.26,24.6,25.34,27.04,-2.126,-0.732,-2.34,-1.01,2.2,1412,0.37,1.092,-0.5,-0.17,-2.87
1956_2,3.56,-0.89,-1.99,-1.71,24.9,25.7,25.76,27.01,5.06,-0.715,-1.69,-3.23,2.7,1672,0.24,1.119,-0.69,-0.3,-1.65
1956_3,2.5,0.33,-1.13,-0.46,25.73,26.67,26.46,27.22,5.191,-0.617,-0.97,-2.01,2.2,1606,-0.04,0.977,-0.57,-0.61,0.11
1956_4,2.02,-0.08,0.29,-1.3,24.39,26.92,26.85,27.53,0.577,-0.701,-0.17,-2.01,1.5,1659,-0.0,0.993,-0.73,-1.43,0.73
1956_5,0.16,0.61,-0.05,2.1,23.21,26.49,27.13,28.0,1.273,-0.857,-0.17,-6.16,2.3,1634,-0.29,0.983,-0.45,-1.53,2.0
1956_6,-1.4,-1.47,-1.95,0.41,22.19,25.77,26.81,28.18,2.335,-0.822,-0.08,-11.02,1.8,1540,-0.45,0.723,-0.43,-2.49,-0.81
1956_7,-0.47,1.13,0.48,-0.72,21.82,24.78,26.23,27.86,2.644,-0.746,-1.28,-13.04,1.8,1628,-0.29,0.707,-0.26,-1.86,0.58
1956_8,-0.25,-0.16,1.92,-1.89,20.57,24.06,25.68,27.33,3.112,-0.767,-0.23,-15.17,2.0,1938,-0.2,0.767,-0.19,-1.5,0.5
1956_9,-0.67,2.61,0.98,0.38,19.72,23.88,25.73,27.34,0.005,-0.81,0.42,-14.67,0.1,2009,-0.27,0.661,-0.19,-1.97,-0.38
1956_10,0.05,0.53,-1.43,1.47,19.82,23.91,25.75,27.64,3.177,-0.701,-2.16,-14.9,2.9,2016,-0.06,0.341,-0.44,-1.05,1.65
1956_11,0.39,-1.51,-0.82,0.4,20.59,23.77,25.56,27.89,5.012,-0.613,1.0,-16.96,0.2,2504,-0.08,-0.035,-0.43,-1.65,-1.3
1957_1,-1.03,0.69,1.42,0.71,22.9,24.94,26.04,27.71,0.984,-0.511,-2.18,-13.05,1.0,2312,-0.33,0.09,-0.37,-0.17,-0.47
1957_2,-2.24,-1.73,-0.98,-0.32,26.17,26.2,26.54,27.72,-3.795,-0.561,-1.89,-11.89,-0.1,1867,-0.55,0.26,-0.11,-0.26,-1.96
1957_3,-1.54,0.45,-0.56,-1.73,27.27,27.47,27.46,27.87,-0.273,-0.518,0.78,-6.68,0.3,1978,-0.17,0.651,-0.07,0.12,-1.42
1957_4,-2.32,-0.48,0.26,0.39,26.66,27.86,28.23,28.57,-0.869,-0.458,-0.41,-2.01,0.4,2000,-0.36,1.41,-0.03,0.19,0.52
1957_5,-1.4,-1.42,0.85,-0.68,26.82,27.79,28.55,28.93,-4.281,-0.371,1.24,1.8,-1.1,2085,-0.35,1.734,-0.26,0.64,0.46
1957_6,-0.44,2.45,1.71,-0.42,25.14,27.31,28.36,28.59,-0.776,-0.566,0.24,3.21,0.3,2521,-0.09,1.62,-0.11,1.35,-2.0
1957_7,0.05,-0.54,-1.03,-1.16,23.82,26.88,28.17,28.34,0.644,-0.645,-0.11,4.05,0.4,2180,-0.06,1.606,-0.31,1.63,-0.73
1957_8,1.0,-1.81,0.49,-0.83,22.2,26.0,27.69,28.75,1.251,-0.595,-0.99,6.3,-0.8,2023,0.19,1.414,-0.21,2.42,1.87
1957_9,1.34,-1.79,1.78,-1.47,21.64,25.55,27.44,28.65,-3.812,-0.717,-0.22,8.36,-1.5,2671,0.21,0.985,-0.35,3.15,-1.76
1957_10,1.62,0.57,0.84,1.95,21.64,25.6,27.42,28.78,-3.018,-0.638,0.46,10.46,0.1,2831,0.32,0.631,-0.38,2.64,1.13
1957_11,0.56,1.15,0.6,0.63,22.21,26.01,27.62,28.76,1.107,-0.587,0.49,10.11,-1.6,2592,0.23,0.137,-0.26,1.6,-0.49
1958_1,1.41,-0.21,-0.38,-1.14,24.7,26.96,28.33,29.05,-2.567,-0.329,0.62,5.25,-3.1,2515,0.25,-0.639,-0.26,0.12,0.26
1958_2,4.02,-0.14,0.13,-1.64,26.36,27.44,28.24,29.12,-10.78,-0.234,0.36,4.1,-0.8,2122,0.66,-0.523,-0.26,0.19,-1.33
1958_3,7.13,2.15,0.45,-2.46,26.96,27.72,28.27,28.99,-5.996,-0.316,0.18,4.27,0.4,2515,0.91,-0.566,-0.57,1.82,0.76
1958_4,8.23,0.38,0.73,0.26,26.25,27.81,28.27,28.9,0.264,-0.414,0.31,1.98,0.6,2459,0.92,-0.258,-0.63,1.54,0.89
1958_5,7.87,-0.24,0.11,-0.17,24.54,27.29,28.31,28.98,-4.307,-0.507,0.66,-4.71,-0.8,2186,0.72,-0.005,-1.07,2.42,1.91
1958_6,7.32,0.38,3.0,-1.08,23.1,26.57,27.99,28.99,-0.981,-0.528,1.48,-10.6,0.5,2205,0.76,-0.042,-1.06,5.75,1.51
1958_7,5.03,2.08,1.51,-1.69,22.02,25.56,27.32,28.83,-0.842,-0.491,0.74,-13.91,0.7,2241,0.36,-0.231,-0.51,2.94,1.62
1958_8,3.87,-0.81,0.14,-2.13,20.59,24.91,26.85,28.65,1.019,-0.472,2.13,-15.59,1.5,2370,0.27,-0.244,-0.64,3.55,-0.16
1958_9,3.66,3.31,-0.13,0.08,20.32,24.39,26.4,28.61,0.491,-0.461,-0.05,-15.93,-0.5,2435,0.28,-0.337,-0.63,2.82,-1.67
1958_10,1.95,0.55,-0.29,0.68,20.82,24.48,26.45,28.77,-0.19,-0.54,0.34,-16.39,0.1,2280,0.07,-0.593,-0.49,1.76,1.16
1958_11,1.51,0.56,0.73,1.59,21.28,24.89,26.75,28.67,1.675,-0.704,0.08,-16.91,-0.7,2092,0.19,-0.503,-0.39,1.18,1.34
1959_1,1.87,-0.87,1.62,-1.52,23.69,25.58,27.07,28.37,-0.619,-0.588,-1.54,-20.06,-1.5,2745,0.28,-0.468,0.04,0.19,-0.91
1959_2,1.81,2.2,0.04,0.33,25.63,26.35,27.18,27.99,-2.56,-0.411,-1.23,-17.24,-2.3,2079,0.29,-0.319,0.05,0.38,0.74
1959_3,-0.37,0.39,-2.03,-0.56,26.83,27.07,27.47,28.0,5.528,-0.476,0.21,-14.02,2.1,2292,-0.09,-0.13,0.28,0.98,-0.51
1959_4,-1.04,-0.07,0.22,0.25,25.66,27.45,27.88,28.45,-1.337,-0.539,-0.9,-9.27,0.7,2106,-0.08,0.102,0.2,0.83,-0.05
1959_5,-0.81,-0.12,0.3,0.41,24.02,26.84,27.7,28.66,1.44,-0.431,-0.3,-5.91,0.8,2127,-0.22,0.094,-0.17,0.16,-0.64
1959_6,-0.87,0.82,1.19,0.71,22.5,26.07,27.37,28.52,-1.197,-0.53,1.08,-2.3,-0.2,2175,-0.25,-0.246,-0.14,-0.07,-1.05
1959_7,-0.34,0.57,-0.14,0.77,21.39,24.95,26.44,28.27,-0.252,-0.585,-0.45,3.15,-0.4,2030,-0.25,-0.387,-0.24,1.18,-0.72
1959_8,-0.45,1.03,0.34,-0.05,19.99,24.25,26.09,28.25,-0.814,-0.567,1.03,7.07,-0.2,2342,-0.29,-0.384,-0.2,-0.48,-1.67
1959_9,-0.24,3.68,-0.43,1.0,20.11,24.17,25.92,28.2,2.204,-0.547,1.19,10.09,0.0,1943,-0.15,-0.307,-0.1,1.19,-1.58
1959_10,-0.71,1.84,1.03,1.48,20.72,24.54,26.24,28.32,-0.219,-0.529,0.23,11.69,0.8,1651,-0.2,-0.109,-0.13,0.21,-1.99
1959_11,-0.74,-0.88,1.43,0.3,21.76,24.57,26.04,28.04,2.88,-0.476,0.26,10.71,1.5,1848,-0.2,0.184,-0.22,0.23,-1.31
1960_1,0.26,0.06,-0.76,-2.01,24.23,25.31,26.27,27.62,-0.874,-0.452,-0.16,4.79,0.2,2026,-0.07,0.438,-0.33,-0.16,-0.03
1960_2,1.65,0.15,0.52,-2.59,25.68,25.93,26.29,27.44,1.976,-0.503,-0.22,3.39,0.2,1709,0.18,0.095,-0.41,-0.21,0.54
1960_3,1.44,3.27,0.12,-0.93,26.24,26.87,26.98,27.75,1.287,-0.418,-0.69,-0.04,1.7,1468,0.2,-0.051,-0.09,-0.63,-1.48
1960_4,2.0,-0.6,-0.39,1.33,24.43,27.15,27.49,28.01,1.317,-0.449,-0.07,-1.08,1.3,1676,0.13,-0.262,-0.22,-0.79,-0.21
1960_5,2.44,-1.3,-0.74,0.47,23.33,26.71,27.68,28.42,1.021,-0.408,0.99,-3.91,0.9,1627,0.27,-0.521,0.01,1.13,-0.1
1960_6,2.54,0.02,-0.71,0.1,21.71,25.86,27.24,28.33,-0.536,-0.623,1.2,-8.98,0.2,1619,0.1,-0.602,-0.23,0.2,0.45
1960_7,1.65,0.86,0.65,0.38,20.64,25.21,26.88,28.15,0.222,-0.57,1.11,-13.86,0.8,1639,0.08,-0.409,0.08,0.91,0.02
1960_8,1.08,1.58,-0.08,-1.93,19.99,24.79,26.7,28.06,1.076,-0.592,1.85,-16.04,1.3,1744,0.05,-0.493,-0.02,1.45,0.6
1960_9,0.52,-0.81,0.02,0.53,20.46,24.57,26.44,28.05,2.478,-0.568,-0.01,-16.01,1.1,1645,-0.05,-0.487,-0.05,1.4,0.4
1960_10,0.17,0.59,0.38,-1.37,20.11,24.11,26.22,28.16,-0.016,-0.605,0.48,-15.62,0.2,1423,-0.01,-0.507,-0.1,1.28,0.84
1960_11,0.25,0.81,-0.4,-0.67,21.06,24.16,26.26,28.32,-0.192,-0.499,-0.52,-14.42,0.9,1489,0.1,-0.357,0.01,0.84,-0.51
1961_1,-0.16,-0.52,1.09,-0.03,24.49,25.11,26.23,27.97,-1.773,-0.471,1.16,-5.47,-0.4,1220,-0.04,0.146,-0.0,-0.02,-0.61
1961_2,-0.33,0.19,-1.5,0.07,26.56,26.2,26.56,27.79,6.931,-0.415,0.17,-0.62,1.5,1064,-0.07,0.325,-0.12,0.04,-1.26
1961_3,0.41,-0.62,-1.47,0.17,25.76,26.82,26.94,27.79,-0.312,-0.502,0.28,0.54,-3.0,1048,0.02,0.468,-0.02,-0.39,-0.16
1961_4,1.79,1.25,0.6,-1.83,24.75,27.31,27.36,27.91,2.374,-0.533,-1.14,2.82,1.3,1050,0.17,0.23,-0.1,-0.0,0.37
1961_5,2.11,-0.38,0.26,-0.28,23.49,26.99,27.75,28.28,1.822,-0.651,-0.25,6.88,0.5,993,0.2,-0.237,0.03,-0.25,1.44
1961_6,0.74,-1.36,-0.61,1.17,22.15,26.29,27.67,28.46,0.045,-0.727,1.84,7.96,0.2,1099,-0.04,-0.396,-0.1,-0.52,1.47
1961_7,1.15,0.36,-0.76,-0.36,20.43,24.83,26.89,28.19,0.17,-0.738,-0.52,6.69,0.4,1165,0.0,-0.583,-0.21,-0.91,2.13
1961_8,1.27,0.69,0.31,1.03,19.86,24.09,26.19,27.92,1.561,-0.734,0.47,5.6,0.2,1062,0.09,-0.489,-0.19,0.34,0.88
1961_9,0.18,1.78,-0.91,1.36,19.59,23.52,25.78,28.06,1.284,-0.725,1.1,6.02,0.1,1127,-0.05,-0.312,0.03,-0.18,1.09
1961_10,-0.54,-1.05,-0.75,1.07,19.97,23.69,25.71,27.83,2.587,-0.69,-1.94,7.59,-0.5,967,-0.13,0.059,-0.02,-0.39,0.69
1961_11,-0.21,-0.16,-1.92,-0.79,20.99,24.28,26.07,28.09,-0.486,-0.639,-0.4,8.74,0.9,903,-0.06,0.371,-0.06,-0.23,0.14
1962_1,1.96,-0.62,0.74,0.2,23.83,25.09,25.96,27.65,6.315,-0.472,-0.74,2.84,3.3,949,0.22,0.329,-0.08,-0.17,-1.92
1962_2,1.96,-0.12,1.66,0.18,25.37,25.97,26.19,27.54,-3.386,-0.629,-0.54,3.68,-0.5,1022,0.12,-0.102,-0.16,-0.19,-0.13
1962_3,3.26,-0.33,0.25,-2.99,24.36,26.47,26.8,27.76,-0.668,-0.539,-0.71,5.26,0.2,1003,0.41,-0.282,-0.11,-0.54,-0.3
1962_4,3.15,-0.29,0.56,0.93,23.16,26.47,27.13,28.04,2.794,-0.497,-1.5,2.04,0.3,962,0.26,-0.71,-0.01,-1.54,-1.18
1962_5,2.82,0.24,0.26,-0.04,22.9,26.17,27.05,28.11,2.789,-0.576,-1.11,-3.64,1.8,979,0.36,-0.999,0.18,-1.39,0.24
1962_6,1.3,1.01,0.26,0.47,21.77,25.67,27.08,28.38,1.669,-0.506,-0.97,-11.42,1.2,910,0.06,-0.853,0.08,-0.26,2.0
1962_7,2.44,-0.42,0.16,-2.43,20.64,25.05,26.76,28.13,2.331,-0.431,-0.36,-15.49,0.1,807,0.26,-0.498,-0.09,0.92,1.13
1962_8,1.56,1.4,-0.22,0.05,20.24,24.64,26.33,27.98,0.312,-0.433,0.57,-15.0,1.0,773,0.19,-0.61,-0.03,2.5,1.6
1962_9,0.98,-0.13,-0.15,-0.21,19.99,24.11,25.94,27.91,1.238,-0.478,-0.83,-15.19,0.7,895,0.09,-0.537,-0.08,1.44,0.41
1962_10,0.41,1.19,0.1,0.96,19.84,24.14,25.97,27.94,0.217,-0.429,1.33,-15.33,1.6,878,0.08,-0.482,0.03,1.47,0.62
1962_11,1.42,-2.0,-0.5,-0.38,20.78,23.98,25.75,27.9,3.053,-0.559,0.53,-15.4,0.5,849,0.3,-0.321,0.01,1.15,0.16
1963_1,3.15,-0.09,1.0,-2.98,23.72,24.85,25.77,27.45,2.157,-0.539,0.09,-17.35,1.7,795,0.56,-0.127,-0.05,-0.17,-3.28
1963_2,3.07,-1.07,1.07,-1.53,25.28,25.79,26.22,27.48,-2.644,-0.611,0.79,-16.68,0.9,797,0.51,-0.111,0.01,-0.3,-2.32
1963_3,1.42,2.08,-1.31,-0.85,25.73,26.91,27.18,27.98,1.516,-0.628,-2.04,-19.93,1.9,778,0.34,0.063,0.27,-0.09,-0.93
1963_4,1.76,-0.46,-0.25,-1.61,24.32,27.43,27.78,28.29,-0.751,-0.52,-0.79,-21.52,1.3,795,0.42,0.003,0.21,0.42,0.96
1963_5,-0.21,-1.84,0.57,2.05,23.85,26.97,27.63,28.4,0.777,-0.372,-0.95,-24.18,0.6,878,0.14,-0.1,0.42,-0.01,2.03
1963_6,-1.12,0.97,-2.46,-0.13,22.25,26.58,27.62,28.32,0.473,-0.502,0.5,-20.08,-0.8,835,0.11,-0.251,0.45,0.45,2.72
1963_7,-1.14,0.85,-1.71,-0.74,21.61,26.24,27.78,28.62,-1.075,-0.554,-1.1,-9.27,-0.2,759,0.17,-0.173,0.43,-0.27,1.99
1963_8,-2.04,-0.08,1.74,-0.95,21.16,25.68,27.48,28.79,1.156,-0.487,-1.01,-1.35,0.0,809,0.13,-0.367,0.45,2.49,0.96
1963_9,-3.19,-0.77,1.02,1.89,20.78,25.36,27.4,29.0,-3.54,-0.53,0.87,3.52,-1.0,851,-0.04,-0.625,0.41,2.04,-0.12
1963_10,-2.34,0.6,-1.47,1.53,20.96,25.41,27.36,28.99,-2.38,-0.614,0.93,7.54,-2.0,851,-0.03,-0.722,0.45,1.78,1.47
1963_11,-2.21,0.51,-0.95,-1.47,21.44,25.66,27.47,28.7,-2.134,-0.527,-0.31,8.87,-1.4,817,0.17,-0.93,0.69,1.92,-1.45
1964_1,-1.59,2.14,-1.95,-1.62,23.92,26.02,27.34,28.41,4.083,-0.249,-0.44,3.94,-0.6,754,0.09,-1.342,0.65,-0.08,-0.16
1964_2,0.21,-0.23,-2.52,-2.06,24.81,26.31,27.13,28.05,5.869,-0.244,1.36,5.26,0.1,768,0.28,-1.304,0.31,-0.14,0.01
1964_3,0.74,1.42,-1.39,-1.66,25.08,26.72,27.02,27.68,3.748,-0.359,-1.31,5.46,1.9,759,0.29,-1.543,0.33,0.03,-0.29
1964_4,0.17,0.93,-2.03,0.25,24.18,26.19,26.95,28.02,4.372,-0.262,-1.3,5.94,1.8,726,-0.13,-1.424,0.06,-0.45,1.99
1964_5,1.5,0.7,0.33,0.53,21.74,25.42,26.82,28.21,2.444,-0.472,-2.27,6.32,0.4,695,0.08,-1.178,-0.22,-1.13,0.19
1964_6,1.34,1.77,1.9,1.61,21.24,24.99,26.59,27.94,0.674,-0.47,0.27,2.23,1.2,690,0.07,-0.993,-0.14,-0.85,-0.88
1964_7,0.25,0.36,-2.58,1.92,20.19,24.69,26.33,27.79,1.286,-0.45,0.2,-0.56,0.9,670,-0.06,-0.526,-0.2,-0.46,1.86
1964_8,0.09,3.04,0.78,-2.4,19.34,23.55,25.6,27.41,0.694,-0.558,0.83,-0.57,2.5,693,-0.2,0.019,-0.21,-1.09,1.23
1964_9,0.34,0.8,0.16,0.34,19.5,23.74,25.32,27.05,3.875,-0.469,0.92,-0.67,2.1,702,-0.26,0.473,-0.68,-1.03,0.46
1964_10,0.28,-0.42,0.17,1.32,19.58,23.76,25.37,27.14,-0.211,-0.496,0.8,0.42,2.2,734,-0.25,0.781,-0.79,-1.43,1.41
1964_11,0.95,0.86,-0.74,-0.14,20.69,23.92,25.26,26.95,1.038,-0.831,-0.78,0.71,0.3,737,-0.09,0.909,-0.63,-1.37,-0.79
1965_1,-0.62,-0.37,0.6,-0.65,23.87,24.7,25.66,27.23,1.544,-0.804,-0.92,-1.03,-0.7,786,-0.36,1.119,-0.39,-0.17,-1.0
1965_2,-1.26,1.46,-0.93,-2.2,25.78,25.86,26.19,27.44,4.769,-0.678,-1.03,-2.26,0.7,752,-0.25,1.393,-0.08,-0.3,-1.04
1965_3,-1.02,-1.84,2.23,-1.99,26.48,26.93,26.94,27.57,0.574,-0.842,-0.8,-1.98,1.2,741,-0.13,1.838,0.11,-0.64,-1.17
1965_4,-1.4,0.67,1.02,0.64,26.88,27.47,27.38,27.71,-3.427,-0.712,-1.07,-3.44,-0.9,720,-0.18,2.175,0.1,0.18,0.49
1965_5,-1.84,2.95,0.07,-0.52,25.95,27.56,27.99,28.5,3.785,-0.762,-0.42,-7.1,0.3,782,-0.21,2.209,0.15,0.37,1.18
1965_6,-2.26,1.33,-1.56,0.6,24.35,27.09,28.09,28.88,-0.584,-0.814,1.89,-12.01,-0.9,770,-0.28,2.019,-0.17,-1.63,1.19
1965_7,-1.51,0.37,0.75,0.35,23.0,26.51,27.9,28.91,-1.284,-0.941,-1.26,-16.0,-3.0,743,-0.2,1.484,-0.39,-0.62,2.64
1965_8,-2.35,1.29,2.32,0.45,22.38,26.13,27.97,28.91,-1.344,-0.851,0.32,-18.19,-1.1,748,-0.2,0.758,-0.21,-1.12,1.62
1965_9,-2.66,0.66,2.26,0.51,21.1,25.98,28.01,28.88,-0.285,-0.8,0.36,-20.03,-2.2,766,-0.12,0.214,-0.03,-0.57,-1.29
1965_10,-2.64,3.08,0.85,0.92,21.34,26.09,28.17,29.28,-0.636,-0.769,1.42,-20.13,-1.5,802,-0.1,-0.107,-0.17,0.68,1.57
1965_11,-2.32,-0.4,0.21,-1.88,22.09,26.38,28.12,29.1,-7.802,-0.665,-0.81,-19.74,-2.4,777,-0.09,-0.336,-0.3,0.68,1.56
1966_1,-0.35,-0.49,-0.36,-2.54,24.94,26.69,27.67,28.7,-0.281,-0.553,-0.15,-21.9,-2.2,879,-0.02,-1.127,-0.19,0.16,0.42
1966_2,2.12,-0.02,-0.55,-2.02,25.49,26.9,27.55,28.64,0.768,-0.348,-2.05,-17.14,-0.4,842,0.37,-1.485,-0.28,0.06,0.73
1966_3,3.01,1.5,-0.94,0.18,25.02,27.18,28.21,29.08,0.258,-0.459,0.43,-11.07,-1.5,903,0.43,-1.806,-0.39,0.31,-0.76
1966_4,3.3,0.08,1.96,-0.96,23.97,27.3,28.16,28.8,-0.985,-0.587,-0.54,-2.33,-0.3,972,0.52,-2.177,0.08,0.3,0.08
1966_5,2.26,0.06,-0.67,0.25,22.69,26.2,27.55,28.86,-1.6,-0.732,-0.15,2.16,-0.7,985,0.36,-2.362,0.13,-0.86,0.51
1966_6,0.82,0.84,0.23,1.37,21.57,25.89,27.64,28.93,-0.606,-0.673,0.1,5.42,0.5,963,0.27,-2.009,0.62,-1.19,-1.03
1966_7,0.39,-1.23,-0.57,0.35,20.67,25.26,27.33,28.98,-0.095,-0.579,-1.18,7.47,0.1,1067,0.15,-1.867,0.28,-0.22,2.82
1966_8,0.3,1.87,0.63,-2.39,19.83,24.35,26.48,28.58,0.336,-0.611,1.26,7.63,1.1,1066,0.03,-1.699,-0.06,0.44,-0.34
1966_9,0.45,2.66,1.58,-0.29,19.83,24.0,26.27,28.57,-0.847,-0.47,0.63,9.23,-0.4,1109,0.07,-1.408,-0.07,0.76,0.55
1966_10,0.11,0.87,0.46,-0.23,20.44,24.24,26.22,28.68,1.222,-0.517,-0.61,11.0,-0.2,1086,0.1,-1.178,-0.05,0.45,-0.96
1966_11,0.33,-2.94,0.74,-0.18,20.74,24.11,26.23,28.64,-3.075,-0.48,-1.96,11.74,-0.0,1133,0.35,-0.774,0.21,1.14,0.95
1967_1,0.84,0.34,-0.22,-1.55,23.53,24.93,25.88,27.6,2.648,-0.657,-1.16,11.03,2.8,1477,0.24,-0.079,0.3,-0.17,0.86
1967_2,0.1,-0.52,-0.56,-0.23,25.52,25.91,26.11,27.41,5.8,-0.766,-0.2,10.49,2.8,1470,-0.0,-0.022,0.3,-0.27,-0.0
1967_3,0.2,-0.01,0.87,1.18,25.44,26.3,26.5,27.82,-0.51,-0.737,-2.25,10.94,2.0,1606,-0.15,-0.14,-0.03,-0.78,0.02
1967_4,1.3,-1.07,0.14,0.05,24.82,26.35,26.74,28.44,-1.076,-0.649,-1.91,10.13,-0.1,1299,0.05,-0.461,-0.2,-1.11,1.51
1967_5,0.84,-0.18,2.02,-0.87,23.6,26.59,27.35,28.76,2.152,-0.587,-0.8,5.79,-0.0,1430,-0.16,-0.974,-0.37,-1.47,-1.38
1967_6,0.01,1.86,0.88,1.72,22.07,26.24,27.47,28.58,-0.708,-0.572,-0.33,-0.58,1.1,1202,-0.21,-1.254,-0.61,-1.93,-0.4
1967_7,0.43,1.25,-0.12,0.44,20.86,25.11,26.97,28.52,1.402,-0.691,-1.24,-5.65,0.3,1403,-0.2,-1.449,-0.62,-1.98,0.31
1967_8,0.08,-0.8,1.1,1.73,19.51,24.13,26.44,28.32,-0.237,-0.653,-0.35,-6.76,1.2,1537,-0.3,-1.543,-0.4,-2.72,0.15
1967_9,0.18,0.83,0.35,1.05,18.92,23.51,25.86,28.2,-2.309,-0.592,0.11,-6.06,0.8,1321,-0.14,-1.674,-0.35,-1.34,0.01
1967_10,-0.43,-0.25,-0.24,0.59,19.29,23.62,25.97,28.33,0.855,-0.598,1.1,-4.82,0.1,1361,-0.14,-1.722,-0.61,-0.33,-0.8
1967_11,-1.82,-1.66,-0.03,0.5,19.88,23.89,26.08,28.34,-3.208,-0.728,-0.35,-6.05,-0.7,1453,-0.33,-1.619,-0.4,-0.23,-0.59
1968_1,-0.99,0.62,-0.24,-0.36,22.95,24.26,25.69,27.86,1.88,-0.754,-1.78,-8.38,0.9,1891,-0.3,-1.335,-0.03,-0.17,-2.08
1968_2,0.68,-1.26,-0.65,-1.91,24.7,24.83,25.68,27.73,-4.044,-0.766,1.11,-10.21,2.1,1732,-0.11,-1.172,-0.24,-0.3,-3.18
1968_3,0.67,2.16,0.05,0.02,24.91,25.76,26.33,27.75,-0.36,-0.717,0.13,-9.11,0.2,1426,-0.06,-1.108,-0.26,-0.96,-0.04
1968_4,-0.07,-0.01,-2.88,-1.32,23.77,26.49,27.1,28.17,3.323,-0.742,-1.11,-12.25,0.0,1295,-0.11,-1.245,-0.01,-2.59,-0.91
1968_5,-0.14,0.16,1.07,-1.58,22.39,26.04,27.19,28.32,0.847,-0.675,0.23,-14.39,2.1,1549,-0.09,-1.197,-0.01,-2.47,-0.93
1968_6,-1.45,1.26,-0.73,0.64,21.51,26.19,27.88,28.88,1.135,-0.422,-0.08,-19.27,1.8,1423,-0.25,-1.07,0.08,-2.24,-1.19
1968_7,-1.79,2.57,1.71,-0.77,21.15,25.88,27.58,28.55,1.551,-0.427,-0.04,-21.0,1.1,1372,-0.19,-0.69,0.24,-0.93,1.18
1968_8,-1.9,-0.46,0.75,-0.97,20.75,25.15,27.01,28.58,0.229,-0.5,1.3,-21.82,0.4,1422,-0.14,-0.534,0.2,-0.01,0.64
1968_9,-1.62,0.11,-0.91,-1.73,21.05,24.82,26.72,28.57,0.184,-0.459,-0.87,-17.45,-0.4,1410,-0.07,-0.441,0.29,1.24,-0.72
1968_10,-1.44,1.59,-0.33,-1.99,20.87,24.96,26.75,28.69,-0.473,-0.399,0.45,-14.58,-0.1,1525,0.09,-0.398,0.44,0.64,0.97
1968_11,-1.13,2.2,-0.16,-1.11,21.56,25.15,27.2,29.1,-0.465,-0.521,0.83,-13.11,-0.6,1385,0.17,-0.785,0.49,0.77,-0.97
1969_1,1.11,0.17,0.6,-1.48,24.36,26.11,27.5,29.24,-5.651,-0.355,-2.96,-8.58,-2.4,1527,0.43,-1.509,0.32,-0.09,-0.71
1969_2,2.86,-2.12,-0.58,-2.2,25.35,26.72,27.86,29.28,-5.94,-0.363,-1.97,-4.43,-0.9,1552,0.74,-1.156,0.53,-0.01,0.61
1969_3,5.19,1.61,-0.02,-2.04,26.83,27.42,27.82,28.95,1.666,-0.279,0.47,-1.5,0.7,1723,1.13,-0.713,0.38,2.04,0.56
1969_4,3.83,0.56,0.32,1.52,26.41,27.76,28.13,29.03,-1.301,-0.183,0.48,3.98,-0.6,1555,0.84,0.053,0.35,2.09,1.58
1969_5,3.17,0.99,1.0,0.56,25.73,27.71,28.29,29.25,-2.049,-0.223,1.02,8.18,-0.4,1454,0.73,0.623,0.2,4.28,1.65
1969_6,1.89,2.16,3.19,0.86,24.09,26.85,27.69,28.93,-2.288,-0.299,2.11,9.35,0.3,1622,0.37,0.491,-0.05,4.3,1.37
1969_7,1.61,1.61,-1.13,0.6,22.24,25.71,27.08,28.73,0.632,-0.364,0.51,9.08,-0.8,1366,0.39,0.191,-0.15,4.67,-0.61
1969_8,0.54,-0.21,-0.14,-1.99,20.88,25.36,27.02,28.92,-0.835,-0.315,-0.69,9.78,-0.2,1430,0.34,-0.1,0.01,1.95,-2.18
1969_9,-0.26,-0.68,0.09,2.17,20.75,25.36,27.15,29.16,-0.444,-0.245,1.31,9.74,-1.6,1373,0.27,-0.463,-0.09,2.49,0.25
1969_10,-0.52,2.33,1.67,1.23,21.62,25.52,27.34,29.32,-1.483,-0.241,0.55,9.75,-1.5,1540,0.17,-0.5,-0.06,1.3,0.32
1969_11,0.52,-2.27,-0.11,-1.14,22.23,25.62,27.1,29.19,-1.27,-0.274,0.13,7.34,-0.1,1567,0.34,-0.302,-0.07,2.01,-0.36
1970_1,3.81,-0.14,0.23,-2.26,24.96,26.08,26.83,28.53,-4.9,-0.118,0.12,0.3,-1.9,1583,0.64,-0.773,-0.34,-0.17,-2.17
1970_2,4.2,-1.15,0.61,0.28,25.72,26.41,26.95,28.49,-3.812,-0.205,1.01,-1.41,-1.7,1754,0.64,-1.024,-0.26,-0.29,0.01
1970_3,5.33,-4.17,0.62,-1.41,25.23,26.83,27.14,28.33,1.829,-0.099,0.49,-4.63,1.0,1584,0.83,-1.386,-0.2,-0.73,-0.29
1970_4,4.12,-0.18,-0.45,-1.56,24.55,27.04,27.74,28.58,4.095,-0.289,-0.66,-7.25,-0.1,1620,0.68,-1.722,-0.28,-0.42,0.87
1970_5,3.58,-0.2,-0.57,1.11,22.63,26.27,27.63,28.82,2.671,-0.316,-0.5,-12.21,0.6,1684,0.51,-1.993,-0.19,-1.11,-0.15
1970_6,2.48,0.36,-0.72,1.87,21.12,25.16,27.04,28.62,-0.026,-0.355,0.23,-16.25,1.6,1549,0.24,-1.865,-0.33,-1.08,-0.13
1970_7,1.2,1.15,-1.42,0.13,19.45,23.87,26.21,28.44,-0.264,-0.285,0.74,-18.62,-0.6,1520,-0.03,-1.723,-0.11,-1.25,1.0
1970_8,0.86,2.4,0.93,0.0,19.16,23.38,25.6,27.89,0.458,-0.258,-0.6,-21.38,1.0,1382,-0.07,-1.283,-0.24,-0.55,1.01
1970_9,-0.02,-0.12,-0.27,0.06,19.29,23.63,25.65,27.65,2.21,-0.283,-0.39,-21.67,1.9,1432,-0.12,-0.958,-0.22,-0.24,-1.5
1970_10,0.31,0.46,-0.72,-0.49,19.88,23.71,25.6,27.59,-0.142,-0.313,-0.95,-22.12,1.7,1483,-0.06,-0.276,-0.39,-0.13,1.4
1970_11,0.51,-0.35,-0.05,-0.76,20.48,23.62,25.57,27.57,-3.005,-0.353,-1.15,-22.48,2.6,1620,-0.02,0.231,-0.2,-0.22,0.5
1971_1,0.73,-1.57,0.05,-1.82,23.13,24.08,24.81,26.65,5.065,-0.477,-2.43,-10.67,0.6,1626,0.1,0.566,-0.01,-0.17,-2.51
1971_2,-0.17,0.38,-1.99,-0.17,24.42,24.84,25.18,26.81,7.349,-0.571,-0.16,-3.67,3.3,1378,-0.03,0.862,0.02,-0.3,-1.65
1971_3,-1.0,-0.32,-0.22,-1.28,25.03,25.9,25.92,27.01,3.831,-0.646,-0.28,0.91,3.8,1119,-0.18,0.691,-0.06,-0.96,-0.15
1971_4,-2.61,0.66,-1.95,-0.41,24.87,26.54,26.63,27.46,2.526,-0.635,0.23,3.75,2.8,1167,-0.34,0.4,0.09,-2.57,-0.08
1971_5,-3.56,0.72,-1.14,0.51,23.18,26.13,26.95,27.85,2.057,-0.636,1.09,6.77,1.4,1099,-0.46,0.397,0.25,-2.32,0.76
1971_6,-3.8,0.95,-0.28,-1.28,21.58,25.38,26.6,27.83,0.491,-0.719,0.51,8.28,0.7,1017,-0.62,0.211,0.17,-1.95,1.64
1971_7,-1.96,0.02,2.19,0.27,20.93,24.68,26.13,27.69,1.12,-0.66,-1.74,8.88,0.4,1174,-0.45,0.1,-0.23,-1.54,0.77
1971_8,-2.47,1.67,1.78,1.87,19.77,23.79,25.75,27.54,-0.427,-0.491,-0.81,8.34,2.5,1141,-0.46,0.097,-0.2,-2.97,-0.87
1971_9,-1.56,-0.3,-0.39,0.53,19.51,23.86,25.72,27.3,0.79,-0.421,0.15,8.95,2.3,1040,-0.29,0.145,-0.16,-3.97,-0.48
1971_10,-0.26,1.94,-0.49,1.14,19.72,23.65,25.47,27.44,3.652,-0.549,-1.35,8.48,2.8,1072,-0.18,0.087,-0.38,-3.38,0.86
1971_11,0.73,-1.35,-0.34,-0.34,20.89,23.79,25.56,27.71,3.086,-0.601,-0.26,8.47,0.9,1140,-0.13,0.221,-0.68,-1.9,0.31
1972_1,-1.63,0.56,-0.46,-0.19,24.19,24.93,25.62,27.63,4.455,-0.574,-2.46,8.2,0.8,1148,-0.27,0.447,-0.08,-0.13,-0.05
1972_2,-2.15,-1.07,0.15,-0.08,26.55,25.88,26.3,27.89,1.071,-0.439,-2.27,7.95,1.8,1418,-0.38,0.575,-0.06,-0.3,-2.26
1972_3,-3.12,2.15,-1.36,0.35,27.07,26.91,27.09,28.16,1.899,-0.632,-0.1,7.35,1.1,1285,-0.5,0.661,-0.18,-0.57,-1.87
1972_4,-3.04,-0.57,-1.52,-0.38,26.17,27.58,27.89,28.74,-0.093,-0.629,-1.95,6.22,-0.2,1129,-0.31,0.851,0.03,0.33,-0.01
1972_5,-3.32,0.03,0.31,0.93,25.13,27.46,28.32,29.03,-1.278,-0.65,0.21,-2.59,-2.6,1296,-0.46,1.134,-0.03,0.17,1.23
1972_6,-4.31,0.91,-2.96,1.19,24.9,27.23,28.18,29.07,-1.259,-0.628,-0.15,-10.7,-0.9,1354,-0.35,1.52,0.09,-1.4,2.06
1972_7,-4.77,-0.16,2.2,0.21,23.99,27.01,28.14,29.03,-1.687,-0.676,-1.13,-15.45,-2.4,1220,-0.4,1.659,0.25,-0.64,-0.32
1972_8,-4.91,-1.63,1.76,1.57,23.38,26.74,27.95,28.75,-1.633,-0.651,-0.04,-19.28,-0.8,1257,-0.44,1.642,0.26,-1.47,1.09
1972_9,-4.75,1.22,0.93,0.03,21.96,26.33,27.95,28.87,-0.636,-0.57,0.13,-20.4,-2.2,1136,-0.33,1.481,0.23,-1.21,-1.61
1972_10,-4.5,0.47,1.48,1.7,22.4,26.72,28.26,29.16,-2.359,-0.442,-1.49,-21.17,-1.5,1211,-0.08,1.186,0.29,1.55,0.51
1972_11,-4.93,-0.07,-0.32,0.43,23.03,27.09,28.61,29.23,-1.25,-0.319,0.53,-20.49,-0.6,1016,-0.09,0.6,0.44,0.87,0.19
1973_1,-6.53,1.06,-0.8,-0.46,25.83,27.44,28.34,28.99,-2.303,-0.175,-0.88,-4.4,-0.5,1022,-0.31,-0.294,0.79,0.14,0.47
1973_2,-5.69,-0.89,0.95,0.52,26.26,27.2,27.95,28.59,-8.273,-0.226,-0.14,0.08,-2.3,987,-0.3,-0.675,0.72,0.05,1.12
1973_3,-4.97,-0.35,-1.94,-0.09,25.91,27.29,27.55,28.33,2.683,-0.244,0.53,3.4,1.2,1004,-0.32,-1.108,0.59,1.03,0.56
1973_4,-3.62,-0.32,0.6,-0.73,24.43,26.75,27.24,28.25,3.538,-0.248,0.11,6.28,0.1,1050,-0.19,-1.22,0.76,0.2,1.33
1973_5,-2.54,-0.71,-1.49,-0.36,23.05,25.93,26.96,28.48,0.334,-0.381,0.67,8.12,0.7,970,0.04,-1.119,0.93,-0.25,0.71
1973_6,-2.47,-0.0,-1.3,0.7,21.51,25.21,26.55,28.15,1.967,-0.309,1.01,8.63,1.8,912,-0.07,-0.855,0.75,-1.07,-1.34
1973_7,-2.15,1.35,-1.27,0.6,20.73,24.15,25.76,27.85,0.96,-0.295,-0.26,6.94,1.0,845,-0.05,-0.561,0.67,-0.57,0.42
1973_8,-2.06,1.67,-0.1,-0.2,19.39,23.5,25.22,27.44,2.282,-0.204,-0.95,5.86,2.1,829,-0.16,-0.038,0.58,-1.11,0.06
1973_9,-2.02,2.91,0.68,-0.15,19.42,23.38,25.06,27.27,0.876,-0.143,-0.27,5.51,2.0,1056,-0.16,0.501,0.75,-0.72,0.06
1973_10,-2.4,1.34,-0.62,-0.84,19.93,23.29,24.73,27.11,1.553,-0.294,-0.74,5.2,1.3,877,-0.26,1.149,0.67,-1.92,0.9
1973_11,-1.91,-0.34,-0.27,-1.11,20.54,23.28,24.33,26.77,0.726,-0.433,-1.66,4.92,4.3,815,-0.23,1.717,0.54,-1.47,0.29
1974_1,-1.49,0.47,-0.65,1.05,23.21,23.86,24.46,26.3,0.56,-0.788,-1.54,-0.91,4.0,831,-0.28,2.145,0.34,-0.17,-3.37
1974_2,-2.91,-1.65,-1.12,-0.6,24.72,25.07,25.1,26.72,5.932,-0.775,-1.5,-1.31,3.4,809,-0.51,2.129,0.14,-0.3,-0.78
1974_3,-4.81,-0.86,0.32,-0.43,25.65,26.24,25.84,27.17,-1.769,-0.755,-1.1,-1.08,4.0,792,-0.73,1.962,0.15,-0.83,-1.26
1974_4,-6.31,1.3,-0.41,0.41,25.14,26.77,26.46,27.43,3.414,-0.735,-0.73,-1.92,1.6,861,-1.09,1.728,0.36,-0.78,-0.19
1974_5,-6.22,0.72,0.03,-0.17,24.21,26.36,26.64,27.77,2.223,-0.627,-0.4,-7.58,1.6,906,-0.89,1.702,0.49,-1.52,0.36
1974_6,-4.9,1.81,-2.29,0.17,22.35,25.78,26.53,27.89,0.209,-0.651,-1.36,-13.86,0.7,863,-0.61,1.502,0.43,-1.7,-0.13
1974_7,-3.89,0.33,-1.52,-0.73,21.38,25.22,26.39,27.74,0.3,-0.507,-0.09,-19.58,1.9,925,-0.5,1.229,0.58,-2.79,0.81
1974_8,-3.66,0.94,2.42,-0.95,20.54,24.72,26.33,27.97,0.759,-0.456,0.9,-23.14,1.3,830,-0.39,0.89,0.42,-3.16,0.24
1974_9,-3.9,-0.55,2.56,0.95,20.09,24.27,26.08,27.71,-0.324,-0.399,0.35,-23.52,1.8,878,-0.5,0.825,0.14,-4.35,-0.4
1974_10,-3.46,-1.46,0.18,1.04,19.81,23.95,25.78,27.53,2.549,-0.494,0.93,-23.12,1.5,976,-0.46,0.636,0.11,-3.61,-0.22
1974_11,-4.12,-0.27,-1.75,-0.7,20.65,24.0,25.61,27.55,1.337,-0.608,0.53,-22.48,-0.2,903,-0.51,0.479,0.25,-1.85,0.42
1975_1,-2.14,-0.22,-1.52,0.17,23.41,25.12,26.09,27.61,4.746,-0.625,-1.2,-16.7,-0.8,775,-0.24,0.6,-0.13,-0.17,-0.46
1975_2,-2.4,1.35,-0.5,-1.15,24.92,25.56,26.07,27.65,-0.692,-0.58,-0.51,-15.39,1.3,742,-0.41,0.749,-0.19,-0.3,-0.77
1975_3,-3.01,0.85,-0.14,-1.04,26.16,26.34,26.19,27.46,-0.405,-0.583,-0.81,-13.04,2.6,724,-0.49,0.855,-0.15,-0.34,-0.46
1975_4,-2.42,-1.69,-1.57,-1.89,25.53,27.01,26.86,27.63,3.509,-0.645,-0.67,-5.12,1.9,707,-0.45,0.949,-0.11,-0.22,0.37
1975_5,-3.16,-0.51,-1.21,-0.43,23.45,26.16,26.8,27.77,0.864,-0.538,0.6,1.18,1.1,701,-0.7,1.337,0.04,-1.21,-0.45
1975_6,-2.9,0.97,-2.09,-0.54,21.7,25.22,26.23,27.54,1.392,-0.67,-0.31,4.47,2.1,697,-0.4,1.461,0.17,-1.21,-0.61
1975_7,-1.17,0.45,0.6,1.57,21.03,24.61,25.9,27.37,0.624,-0.421,-1.53,7.41,3.1,772,-0.28,1.503,0.02,-2.55,1.59
1975_8,-0.55,2.24,0.99,-0.46,20.06,24.04,25.33,27.03,3.053,-0.421,-1.1,9.06,3.3,904,-0.15,1.734,-0.02,-3.6,0.32
1975_9,-1.13,-0.71,0.81,1.67,19.16,23.5,25.05,26.71,2.615,-0.405,-0.23,10.25,3.4,796,-0.26,1.933,-0.24,-3.54,0.22
1975_10,-1.35,1.63,-0.56,-0.08,19.04,23.37,24.89,26.55,2.151,-0.59,-0.65,10.65,2.8,757,-0.3,1.983,-0.18,-3.14,-0.0
1975_11,-1.67,0.32,-1.14,0.3,19.41,23.67,25.05,26.58,3.264,-0.718,-0.63,11.27,1.9,808,-0.39,1.946,-0.03,-2.11,1.04
1976_1,-0.02,0.61,-0.3,-0.8,23.45,23.76,24.54,26.58,5.938,-0.754,-0.25,9.22,2.3,747,-0.3,1.725,-0.41,-0.17,-0.71
1976_2,-1.1,0.86,0.07,0.61,25.46,25.3,25.49,26.89,2.33,-0.757,-2.38,8.92,2.8,705,-0.48,1.727,-0.4,-0.3,-0.39
1976_3,-2.74,-1.58,-0.83,0.38,25.96,26.53,26.46,27.34,4.956,-0.736,-1.78,9.7,2.9,767,-0.81,1.697,-0.48,-0.87,-0.06
1976_4,-2.43,-0.68,-1.52,0.14,25.7,26.92,26.88,27.8,-1.774,-0.63,0.92,11.53,0.5,763,-0.66,1.813,-0.67,-1.11,0.92
1976_5,-2.81,-0.31,-0.9,0.94,25.12,26.91,27.2,28.15,0.244,-0.697,0.58,10.04,0.6,706,-0.79,2.058,-0.7,-1.04,1.19
1976_6,-2.12,2.24,-0.03,1.11,24.5,26.94,27.35,28.21,-0.622,-0.638,-1.32,2.78,0.4,706,-0.59,2.354,-0.6,-1.76,1.28
1976_7,0.02,1.97,-1.21,-0.29,23.57,26.24,27.13,28.18,-1.251,-0.592,-0.12,-1.9,-1.4,675,-0.37,2.206,-0.67,-2.34,2.35
1976_8,1.56,-1.0,0.23,2.34,22.26,25.87,26.98,28.17,-0.653,-0.575,-0.62,-4.89,-1.3,748,0.07,1.881,-0.48,-2.23,1.22
1976_9,1.4,1.69,1.82,-1.11,21.55,25.72,27.02,28.26,-1.777,-0.65,-0.04,-6.19,-1.9,731,0.14,1.352,-0.32,-3.42,0.1
1976_10,0.82,0.96,1.53,0.42,21.52,25.89,27.46,28.73,0.778,-0.449,0.91,-8.23,0.7,759,0.18,0.809,-0.35,0.21,-0.66
1976_11,-0.66,-0.48,2.19,0.04,22.15,25.88,27.41,28.78,0.032,-0.392,1.72,-8.89,1.2,729,0.04,0.303,-0.45,0.03,0.23
1977_1,-1.98,-0.49,0.75,-1.72,24.8,26.54,27.32,28.22,0.306,-0.4,1.6,-14.44,-0.7,774,-0.15,-0.164,-0.19,-0.14,-1.08
1977_2,-1.57,-1.73,-1.4,-1.0,25.72,26.96,27.13,28.05,4.662,-0.384,2.43,-14.9,2.0,823,-0.22,-0.266,-0.0,-0.16,0.08
1977_3,-0.83,0.45,-1.44,-1.25,26.02,27.42,27.47,28.09,4.331,-0.526,-0.69,-17.61,-0.9,766,-0.11,-0.445,0.0,-0.58,1.83
1977_4,-0.31,-1.01,0.25,0.56,24.95,26.94,27.44,28.39,0.704,-0.432,-0.32,-14.93,-0.7,776,-0.09,-0.657,-0.03,-1.16,0.97
1977_5,-0.08,-1.21,-1.84,-0.75,23.49,26.87,27.72,28.56,-1.105,-0.397,-0.56,-17.14,-0.8,796,-0.07,-0.907,-0.05,-0.94,-0.43
1977_6,0.03,0.3,-0.24,-0.27,22.52,26.43,27.74,28.8,0.206,-0.366,0.57,-21.33,-1.5,915,0.05,-1.185,-0.09,-1.62,0.17
1977_7,-0.85,-0.01,0.03,-0.42,21.46,25.57,27.38,28.84,1.129,-0.529,-1.04,-18.17,-1.9,811,-0.14,-1.527,-0.14,-0.62,0.96
1977_8,-1.73,-1.13,1.69,-0.49,20.1,24.73,26.85,28.71,-2.197,-0.461,2.2,-11.24,-1.3,843,-0.28,-1.733,0.01,-1.98,0.77
1977_9,-2.02,0.88,-0.47,0.51,19.61,24.87,27.12,28.95,-1.923,-0.484,-0.72,-5.09,-1.3,999,-0.24,-1.947,0.03,-1.33,2.13
1977_10,-2.41,1.01,-0.29,1.08,20.54,25.25,27.35,29.04,-0.706,-0.537,1.25,-1.81,-1.7,969,-0.24,-2.106,-0.09,-0.66,1.67
1977_11,-2.4,-0.87,0.05,-0.21,21.19,25.3,27.19,29.02,0.418,-0.465,-0.22,-0.26,-2.1,937,-0.26,-1.913,-0.08,-0.5,-0.27
1978_1,0.23,-0.63,2.76,0.26,24.15,25.79,27.17,28.72,-7.837,-0.283,0.13,3.21,-0.5,1096,0.11,-1.571,-0.19,-0.16,-0.01
1978_2,2.0,-0.98,0.48,-2.94,25.7,26.41,27.0,28.39,-6.265,-0.345,1.4,6.07,-4.4,1454,0.2,-1.284,-0.29,-0.22,-0.15
1978_3,3.2,-0.24,1.38,0.33,25.28,26.75,27.09,28.18,-5.78,-0.275,-0.18,9.34,-0.3,1418,0.25,-1.0,-0.45,-0.63,-1.26
1978_4,3.8,1.22,0.82,-1.42,24.76,26.64,27.12,28.04,-2.177,-0.379,-0.19,12.98,-0.5,1494,0.26,-0.984,-0.65,-0.76,0.18
1978_5,2.05,0.1,-0.23,1.05,23.17,26.1,27.2,28.52,3.151,-0.454,-0.73,12.23,2.2,1465,0.08,-0.905,-0.64,-1.03,-0.04
1978_6,-0.39,-0.14,0.5,1.7,21.94,25.65,27.02,28.41,2.891,-0.347,-0.92,8.36,1.1,1422,-0.14,-0.786,-0.47,-0.56,3.39
1978_7,-1.32,0.38,1.7,-1.11,21.02,24.95,26.74,28.28,2.047,-0.317,-2.43,6.02,0.9,1311,-0.33,-0.732,-0.08,-1.31,2.46
1978_8,-0.54,1.73,0.77,0.7,19.63,24.1,26.07,28.2,1.419,-0.398,0.02,5.84,0.7,1140,-0.33,-0.616,-0.2,-2.03,0.66
1978_9,0.17,0.83,-0.48,0.6,19.84,24.18,26.01,28.28,1.318,-0.488,1.38,5.91,0.1,1579,-0.21,-0.349,-0.35,-2.55,0.92
1978_10,0.51,1.42,0.43,2.61,20.06,24.57,26.25,28.2,0.83,-0.636,0.69,6.22,-0.6,1582,0.08,-0.085,-0.38,-1.54,-0.76
1978_11,0.05,1.1,1.28,3.06,21.61,24.79,26.33,28.31,0.989,-0.57,-0.48,4.04,-0.0,1515,0.01,0.022,-0.43,-1.31,0.1
1979_1,1.15,-0.79,2.12,-2.12,24.72,25.34,26.41,28.36,-3.011,-0.271,-1.54,1.86,-0.7,2030,0.17,-0.343,-0.16,-0.17,1.43
1979_2,2.5,-0.2,-0.18,-1.2,25.52,26.12,26.53,28.09,0.203,-0.186,-2.73,4.12,1.6,2041,0.28,-0.309,-0.24,-0.23,-0.66
1979_3,2.37,-0.1,0.83,0.41,25.91,27.15,27.27,28.3,-2.035,-0.188,0.08,0.89,0.2,1858,0.15,-0.347,-0.31,-0.73,-0.29
1979_4,2.16,0.15,0.66,-2.01,25.69,27.65,27.83,28.6,-0.973,-0.284,-0.15,-3.57,-0.2,1738,0.29,-0.187,0.01,-0.02,0.85
1979_5,2.42,-0.83,-0.87,-0.9,24.29,27.2,27.69,28.74,-0.271,-0.38,1.27,-12.9,0.8,1652,0.35,0.067,0.07,-0.52,-0.13
1979_6,1.96,0.78,-0.48,1.92,23.28,26.47,27.43,28.73,2.218,-0.35,-1.64,-19.6,1.1,1803,0.42,0.333,0.1,-0.81,1.56
1979_7,1.16,-0.44,-0.24,0.86,21.7,25.49,26.82,28.7,-2.333,-0.472,0.51,-21.27,2.2,1659,0.28,0.44,0.14,-0.56,1.72
1979_8,-0.42,-0.42,1.82,1.11,20.94,25.25,26.75,28.34,-1.179,-0.439,0.67,-22.24,-0.3,1727,0.08,0.462,0.27,-0.92,1.57
1979_9,-0.89,-0.26,0.58,1.13,21.15,25.48,26.99,28.47,-1.069,-0.447,1.02,-22.7,0.2,2002,0.1,0.302,0.29,-1.81,0.35
1979_10,-0.26,0.65,0.87,0.18,21.46,25.42,26.83,28.58,-3.067,-0.409,1.85,-23.32,-0.2,2179,0.1,0.007,0.05,0.41,0.71
1979_11,0.08,-1.54,0.92,0.42,21.8,25.5,26.99,28.81,-1.94,-0.329,0.51,-22.2,-0.7,2317,0.11,-0.285,0.06,-0.37,2.48
1980_1,2.99,0.31,0.53,-1.38,24.32,26.04,27.08,28.69,-5.111,-0.278,-1.01,-10.11,0.7,2062,0.4,-1.073,-0.15,-0.13,-1.71
1980_2,3.35,-0.3,0.86,-0.39,25.68,26.44,26.97,28.56,-8.808,-0.382,2.03,-5.65,0.5,2000,0.41,-1.201,-0.34,-0.18,-0.5
1980_3,3.01,-1.42,0.15,-0.73,26.48,27.03,27.31,28.51,1.919,-0.272,-0.64,-2.9,-0.7,1681,0.17,-1.039,-0.26,-0.59,1.09
1980_4,4.19,0.3,-0.75,1.26,25.54,27.38,27.75,28.76,-0.811,-0.351,1.66,2.31,-1.0,2079,0.56,-0.996,-0.11,-0.13,0.72
1980_5,5.1,0.24,-0.7,-1.34,23.98,27.1,28.01,29.18,0.384,-0.213,-0.16,6.24,-0.0,2240,0.71,-1.039,-0.04,0.95,1.85
1980_6,3.64,-1.86,1.59,-0.07,22.76,26.7,27.94,29.13,1.308,-0.312,-0.81,7.33,-0.0,1932,0.47,-1.038,-0.08,1.21,3.29
1980_7,1.53,0.45,-0.35,-0.39,21.12,25.57,27.23,28.92,-0.727,-0.294,-0.81,8.74,-0.1,1848,0.19,-1.018,-0.06,-0.01,0.36
1980_8,1.73,1.18,-0.15,-3.01,20.52,24.78,26.48,28.5,-0.748,-0.327,-2.03,9.61,0.6,1662,0.29,-1.135,0.03,0.34,-1.39
1980_9,0.89,-0.04,0.43,0.79,20.43,24.72,26.44,28.49,-1.227,-0.381,-0.08,12.67,-0.8,1839,0.21,-1.284,0.11,1.26,-1.68
1980_10,0.22,0.04,1.24,-1.41,20.52,24.56,26.46,28.74,0.112,-0.291,2.87,13.1,0.0,2042,0.05,-1.29,-0.03,0.22,0.68
1980_11,0.68,1.35,0.15,-0.52,21.24,25.0,26.6,28.68,2.172,-0.197,1.28,12.15,-0.6,2181,0.03,-1.393,-0.25,0.2,0.33
1981_1,1.72,0.11,1.02,-0.08,23.06,24.95,26.18,28.19,-5.093,-0.299,2.46,8.51,0.6,1746,0.27,-1.35,-0.27,-0.17,-0.82
1981_2,2.78,-1.13,-0.03,0.6,24.93,25.52,26.11,28.02,-0.531,-0.332,0.21,6.72,-0.3,2045,0.16,-1.094,-0.47,-0.3,-0.3
1981_3,5.09,0.9,0.03,-1.65,25.94,26.61,26.64,28.15,-2.467,-0.229,1.27,7.51,-2.1,2053,0.6,-0.835,-0.64,-0.76,0.35
1981_4,4.03,1.37,-0.19,0.25,24.81,27.06,27.29,28.11,1.342,-0.358,-1.23,8.28,-0.2,2232,0.34,-0.558,-0.52,-1.21,0.22
1981_5,3.68,0.07,0.48,0.24,23.65,26.71,27.36,28.36,0.728,-0.231,1.83,3.01,1.3,1946,0.36,-0.496,-0.4,-0.77,0.16
1981_6,2.19,-0.34,-0.82,-0.15,22.49,26.19,27.27,28.38,0.874,-0.19,-0.1,-3.49,2.0,1569,0.18,-0.464,-0.22,-0.8,-2.09
1981_7,1.41,-1.08,-0.94,0.08,21.07,25.21,26.65,28.17,1.091,-0.094,-1.02,-5.22,1.4,1919,0.15,-0.533,-0.23,-0.76,0.82
1981_8,0.32,-2.09,0.7,0.38,19.88,24.38,26.33,28.08,-0.833,-0.249,-1.54,-8.24,1.2,2206,0.09,-0.605,0.12,-0.47,-0.96
1981_9,0.02,-0.73,-0.4,-1.27,19.93,24.67,26.53,28.36,1.382,-0.186,0.08,-8.59,0.5,2195,0.14,-0.708,0.2,0.83,-0.59
1981_10,-0.9,-2.08,-0.01,-0.96,20.44,24.8,26.42,28.38,-0.931,-0.034,-1.43,-9.53,-0.6,2243,0.04,-0.617,0.35,-0.6,-0.79
1981_11,-0.17,-1.23,-1.5,-0.53,21.19,24.7,26.29,28.39,-2.93,-0.155,1.19,-9.62,0.3,2078,0.13,-0.621,0.26,0.13,-0.51
1982_1,0.37,0.3,1.11,-1.55,24.3,25.86,26.67,28.29,1.537,-0.326,-1.75,-12.52,2.0,1790,0.19,-1.067,0.03,-0.17,0.03
1982_2,-0.22,1.32,1.16,0.86,25.31,26.4,26.59,28.02,-0.756,-0.305,-1.2,-14.71,0.4,2142,-0.07,-1.466,-0.2,-0.14,-1.57
1982_3,-0.45,0.75,0.41,0.8,25.2,27.11,27.41,28.39,-4.487,-0.341,-1.66,-16.67,1.0,2105,-0.07,-1.922,-0.21,-0.37,0.84
1982_4,-0.68,-0.29,-0.98,-0.04,24.73,27.57,28.03,28.95,-2.286,-0.344,-2.08,-15.55,0.1,1618,-0.16,-2.359,-0.35,0.67,-0.52
1982_5,0.31,0.1,-1.29,-0.44,24.11,27.64,28.39,29.31,-0.294,-0.309,-0.53,-15.26,-0.6,1447,-0.03,-2.364,-0.37,0.46,0.67
1982_6,-0.3,2.17,0.1,-1.34,23.25,27.16,28.26,29.41,-3.193,-0.423,2.17,-15.94,-1.7,1719,-0.15,-1.924,-0.45,-0.14,1.88
1982_7,-0.92,-0.2,0.44,1.18,22.43,26.22,27.66,29.03,-0.65,-0.606,0.49,-8.95,-2.5,1596,-0.27,-1.418,-0.44,-0.46,0.05
1982_8,-0.75,-0.11,0.54,0.21,21.81,26.06,27.58,28.87,-0.735,-0.54,0.31,-1.58,-2.9,1679,-0.3,-0.811,-0.57,-1.99,0.41
1982_9,-2.21,-0.49,0.54,1.86,22.03,26.79,28.21,29.09,-1.199,-0.495,0.83,4.21,-2.9,1653,-0.28,0.196,-0.31,-2.16,-0.03
1982_10,-3.12,0.53,-0.57,-0.29,22.83,27.28,28.71,29.44,-2.823,-0.433,-0.86,8.27,-2.8,1619,-0.34,0.981,-0.11,-2.27,0.53
1982_11,-4.18,0.16,0.38,1.55,24.68,27.5,28.62,29.27,-5.642,-0.373,-0.47,9.51,-4.3,1674,-0.46,1.44,-0.28,-1.31,0.52
1983_1,-5.87,1.31,-0.31,1.34,27.21,28.66,28.89,28.71,-8.411,-0.211,0.87,10.85,-5.8,1423,-0.36,1.822,0.33,1.6,-0.05
1983_2,-3.18,0.47,-0.31,-1.04,28.13,28.71,28.69,28.52,-12.164,-0.153,1.44,11.4,-6.0,1226,-0.02,1.991,0.37,3.17,-0.89
1983_3,1.56,-0.03,-0.6,0.59,28.72,28.89,28.66,28.55,-11.385,-0.174,2.03,12.17,-4.0,1186,0.44,2.282,-0.14,4.47,-1.14
1983_4,2.41,-1.85,-0.46,-1.07,28.86,29.13,28.77,28.67,-5.171,-0.148,0.98,13.81,-1.5,1189,0.45,2.929,-0.25,3.73,1.09
1983_5,1.11,-0.36,0.63,-0.01,28.26,28.98,28.84,29.08,-0.328,-0.201,-0.08,11.93,1.0,1371,0.17,3.734,-0.45,4.13,0.5
1983_6,1.25,0.75,-0.95,1.31,27.36,28.14,28.27,28.97,0.351,-0.106,2.1,3.12,0.1,1386,0.35,4.227,-0.45,4.82,-1.78
1983_7,0.67,-0.98,-1.67,1.22,25.76,26.61,27.18,28.63,0.501,-0.268,0.82,-3.38,-1.0,1250,0.23,4.143,-0.31,3.33,0.37
1983_8,-0.98,0.98,-1.43,1.95,23.93,25.77,26.59,28.39,-0.987,-0.189,0.5,-6.53,0.2,1244,0.01,3.867,-0.08,1.88,-1.0
1983_9,-1.12,0.93,-0.56,-0.95,22.1,25.03,26.2,27.98,-0.596,-0.082,-1.37,-7.75,1.4,1090,-0.18,3.183,0.04,0.16,-1.73
1983_10,-0.4,0.37,-0.57,1.22,22.0,24.37,25.56,27.87,-0.867,-0.15,0.26,-10.12,0.7,1124,-0.15,2.462,-0.08,0.05,0.54
1983_11,0.42,1.72,-0.5,-1.16,22.05,24.07,25.41,27.68,-3.758,-0.309,1.75,-10.29,-0.2,925,0.05,1.814,0.06,-0.08,-0.41
1984_1,-1.62,-2.06,-0.97,1.42,24.18,25.08,25.88,27.49,4.257,-0.3,0.6,-10.65,0.3,1161,-0.05,1.08,0.68,-0.17,-1.67
1984_2,-2.97,-1.78,-1.41,0.37,25.22,26.26,26.56,27.48,2.995,-0.404,0.73,-11.34,1.4,1406,-0.2,0.907,0.65,-0.3,-0.33
1984_3,-3.43,-2.14,0.98,-0.79,25.62,26.97,26.77,27.47,1.301,-0.317,1.08,-12.98,-0.4,1220,-0.1,0.603,0.79,-0.52,-1.04
1984_4,-2.76,0.64,-1.7,-0.45,25.3,27.09,27.14,27.75,1.688,-0.328,1.41,-14.58,0.6,1287,-0.19,0.369,0.5,-0.04,-0.91
1984_5,-1.77,-1.72,-0.64,0.55,23.3,26.32,27.2,28.13,1.318,-0.435,0.37,-15.05,0.3,1283,-0.16,0.148,0.26,-0.8,-1.73
1984_6,-2.65,-0.17,-0.76,-0.12,22.18,25.45,26.83,28.19,1.482,-0.593,-0.36,-17.97,-0.6,1003,-0.37,-0.183,0.46,-2.62,0.8
1984_7,-3.17,0.32,-0.1,-0.04,21.33,25.03,26.79,28.3,-1.165,-0.525,-2.61,-25.39,0.3,893,-0.35,-0.516,0.55,-3.09,0.52
1984_8,-3.57,2.08,0.85,1.35,20.45,24.71,26.61,28.17,1.063,-0.464,-1.14,-27.9,0.7,837,-0.28,-0.536,0.77,-4.25,0.24
1984_9,-3.43,-0.63,1.25,0.31,20.66,24.56,26.38,28.22,0.632,-0.288,-0.02,-25.44,0.2,781,-0.24,-0.277,0.84,-6.13,0.17
1984_10,-3.14,-0.17,-0.49,0.43,20.51,24.31,26.04,28.02,1.62,-0.382,-0.53,-21.59,-0.5,735,-0.49,0.186,0.59,-5.28,-1.51
1984_11,-3.12,1.18,-0.94,-0.2,21.52,24.11,25.52,27.79,-2.479,-0.293,0.39,-13.19,0.4,763,-0.46,0.207,0.31,-2.02,0.16
1985_1,-3.04,-0.34,1.0,-2.38,23.79,24.4,25.38,27.68,0.568,-0.349,1.44,-0.37,-0.5,745,-0.43,0.366,0.32,-0.17,-0.61
1985_2,-2.71,0.38,-2.41,-1.0,24.72,25.5,26.03,27.49,6.115,-0.275,-0.99,4.21,2.0,737,-0.37,0.147,0.52,-0.3,-1.12
1985_3,-3.92,0.18,-0.67,-0.19,25.6,26.42,26.5,27.31,4.007,-0.293,-1.19,6.3,1.3,733,-0.62,-0.506,0.14,-0.91,1.81
1985_4,-3.9,0.48,-1.64,0.2,24.16,26.53,26.64,27.48,1.571,-0.293,-1.27,11.11,1.9,751,-0.65,-0.572,0.15,-2.4,-0.53
1985_5,-4.94,-0.14,-0.31,-0.4,22.53,26.19,26.9,27.93,0.973,-0.367,-0.82,13.57,0.7,802,-0.7,-0.762,0.24,-1.9,0.72
1985_6,-0.62,1.06,-0.75,-0.5,21.85,25.6,26.81,28.02,-1.071,-0.478,1.28,14.04,-0.6,761,-0.3,-1.244,0.04,-1.59,0.37
1985_7,0.12,1.71,1.93,1.25,20.56,24.71,26.56,28.18,-1.102,-0.431,-0.19,11.1,-0.2,787,-0.05,-1.452,0.27,-2.28,0.24
1985_8,-0.26,0.63,1.15,-0.74,19.78,24.24,26.3,28.21,0.499,-0.453,-0.53,11.08,1.6,715,-0.08,-1.337,0.1,-2.76,0.31
1985_9,-0.39,0.54,-0.22,-0.36,19.74,24.04,26.02,28.28,0.844,-0.381,-0.63,11.72,0.0,695,-0.16,-1.499,0.02,-3.15,-0.4
1985_10,-1.1,1.69,-0.75,1.49,20.1,24.18,26.23,28.36,0.881,-0.434,-1.5,11.84,-0.6,747,-0.14,-1.379,0.27,-2.93,0.09
1985_11,-0.23,-0.88,1.25,-0.84,20.86,24.4,26.33,28.35,-0.695,-0.359,-1.83,11.45,-0.3,742,-0.08,-0.95,0.24,-1.74,-0.97
1986_1,-3.85,-1.11,0.52,0.78,24.56,24.86,25.89,28.07,-3.013,-0.395,0.6,8.74,1.6,732,-0.62,-0.564,0.2,-0.17,-0.36
1986_2,-4.4,-0.07,0.83,-1.58,26.0,25.88,26.05,27.96,-5.391,-0.318,0.41,10.15,-1.7,836,-0.63,-0.458,0.47,-0.3,-1.97
1986_3,-4.39,1.35,0.07,1.39,25.76,26.83,26.87,28.16,-2.448,-0.463,0.51,11.96,0.8,770,-0.61,-0.515,0.38,-0.77,-1.16
1986_4,-5.2,-1.62,-1.56,-0.79,24.68,27.2,27.49,28.28,2.399,-0.38,-0.15,9.11,0.5,751,-0.64,-0.968,0.28,-1.79,0.04
1986_5,-4.42,0.72,-1.17,0.84,23.23,26.65,27.4,28.58,-1.489,-0.185,-0.03,3.56,-0.4,726,-0.54,-1.395,0.26,-0.98,0.28
1986_6,-4.37,-0.19,0.23,1.54,22.05,26.17,27.42,28.77,-0.069,-0.232,0.39,-2.15,1.6,676,-0.59,-1.529,0.41,-1.99,-0.08
1986_7,-3.02,0.87,-0.35,0.15,21.47,25.67,27.18,28.82,2.059,-0.202,-0.35,-5.25,0.5,702,-0.38,-1.727,0.19,-1.3,-0.04
1986_8,-2.75,0.8,2.55,-1.53,20.91,25.29,27.17,28.85,0.026,-0.382,-1.49,-9.6,-0.6,684,-0.41,-1.86,0.21,-2.28,-0.65
1986_9,-1.68,1.96,0.87,-0.95,20.91,25.2,27.24,28.98,0.22,-0.564,-0.28,-10.21,-0.8,687,0.04,-1.769,0.3,-1.09,0.69
1986_10,-2.34,1.19,1.35,2.2,21.27,25.51,27.53,28.99,-1.132,-0.338,1.18,-9.6,1.1,830,-0.2,-1.689,0.14,-1.99,-0.27
1986_11,-3.41,-0.05,1.54,2.27,22.01,25.88,27.71,29.07,2.168,-0.363,-0.71,-8.01,-2.0,771,-0.6,-1.616,-0.17,-1.44,-0.56
1987_1,-3.66,0.82,-0.74,-1.85,25.56,26.68,27.68,28.62,0.291,-0.318,0.63,-9.93,-1.1,725,-0.32,-0.98,0.02,-0.03,1.57
1987_2,-2.74,-0.03,-0.49,-1.27,27.07,27.55,27.88,28.7,-1.989,-0.408,0.57,-11.37,-2.1,715,-0.17,-0.584,0.08,0.18,0.37
1987_3,0.18,0.48,0.73,-0.26,27.93,28.2,28.27,28.79,-5.518,-0.223,0.85,-14.23,-2.1,740,0.22,-0.221,0.16,1.76,0.22
1987_4,0.93,1.85,-0.68,2.03,27.1,28.35,28.39,28.7,-2.083,-0.244,1.54,-16.2,-2.3,849,0.33,-0.192,0.04,2.44,0.48
1987_5,0.57,-0.18,-0.26,0.96,25.93,28.14,28.56,29.1,-1.593,-0.068,-1.02,-20.05,-2.1,878,0.37,-0.289,0.28,2.7,1.77
1987_6,2.34,-0.96,-1.09,-1.53,24.1,27.48,28.65,29.37,-1.093,-0.129,0.56,-21.47,-1.8,779,0.62,-0.497,0.42,3.12,1.73
1987_7,0.22,-0.71,0.94,0.55,22.98,26.92,28.59,29.38,-3.163,-0.196,-0.43,-13.96,-2.2,842,0.48,-0.835,0.5,3.98,0.6
1987_8,0.78,-0.98,0.97,-1.19,21.82,26.57,28.42,29.38,-2.171,-0.172,0.74,-0.6,-1.5,900,0.56,-1.008,0.43,5.14,-0.49
1987_9,0.38,1.7,0.49,-1.04,21.83,26.56,28.36,29.54,0.138,-0.126,-2.6,5.88,-1.7,861,0.4,-1.191,0.32,5.41,1.44
1987_10,0.58,-2.46,1.2,0.66,22.47,26.14,27.96,29.58,-3.031,-0.077,0.75,9.35,-0.6,981,0.45,-1.283,0.42,4.18,0.93
1987_11,-0.68,0.17,-0.67,0.06,22.8,26.09,27.77,29.52,0.566,0.013,1.19,9.23,-0.0,1012,0.36,-1.465,0.63,3.48,0.15
1988_1,-1.36,-1.09,1.13,0.68,24.59,26.34,27.45,28.96,0.3,0.01,0.03,7.81,-0.2,1080,0.15,-1.718,0.63,0.31,1.83
1988_2,-2.51,-1.44,-0.13,0.42,25.79,26.4,27.03,28.65,2.772,0.216,1.37,6.17,-0.6,1050,-0.02,-1.557,0.66,-0.01,0.3
1988_3,-0.66,-2.23,0.26,-0.58,25.68,27.06,27.38,28.46,7.241,0.157,0.38,5.86,1.1,1149,0.27,-1.35,0.77,0.77,0.53
1988_4,1.39,0.39,-0.63,-1.42,24.7,26.93,27.38,28.27,-3.226,0.079,1.12,6.59,0.2,1227,0.38,-1.229,0.59,-0.04,-0.2
1988_5,0.48,-1.03,-1.16,0.64,23.15,25.68,26.68,28.3,1.243,-0.039,0.61,5.46,1.5,1152,0.29,-1.016,0.71,0.15,-0.15
1988_6,1.71,-1.14,-0.93,1.19,21.46,24.44,25.99,28.09,-0.313,-0.098,1.31,0.42,0.1,1394,0.34,-0.911,0.73,-0.3,-0.25
1988_7,1.74,-0.73,0.1,-0.32,20.59,23.74,25.56,27.96,0.16,-0.007,1.6,-3.96,1.7,1527,0.27,-0.771,0.46,-0.39,-1.47
1988_8,0.47,0.54,0.44,-0.07,19.55,23.64,25.66,28.02,-1.831,0.161,-0.62,-2.58,2.5,1542,0.03,-0.447,0.5,-0.98,0.78
1988_9,0.2,0.39,-0.19,-0.82,19.44,23.81,25.72,27.84,2.046,0.222,-0.97,-2.29,3.0,1525,0.06,0.274,0.3,-1.86,-0.83
1988_10,-0.28,0.19,0.99,-0.66,19.81,23.43,24.82,27.12,0.531,0.106,0.89,-1.53,2.3,1698,-0.2,0.875,0.37,-2.31,-0.56
1988_11,0.08,1.19,-1.31,-0.49,20.7,23.44,24.65,26.97,2.417,-0.174,0.11,-0.84,2.8,1562,-0.23,1.614,0.14,-1.69,-0.96
1989_1,-2.6,1.14,-1.81,0.85,24.27,24.22,24.58,26.6,8.678,-0.206,-1.57,-2.87,2.5,2354,-0.42,2.629,0.41,-0.17,1.26
1989_2,-2.84,-0.23,2.34,1.82,26.04,25.44,25.28,26.66,3.284,-0.331,-1.71,-3.56,2.0,2224,-0.48,2.577,0.23,-0.3,0.53
1989_3,-4.84,-0.28,0.6,1.54,26.34,26.19,26.08,27.16,-1.98,-0.27,-1.56,-1.63,1.8,2051,-0.66,2.039,0.35,-0.91,-1.98
1989_4,-5.79,-1.11,1.29,0.16,25.45,26.72,26.74,27.61,-0.508,-0.307,-0.77,-1.93,2.7,1896,-0.89,1.436,0.29,-1.9,-0.28
1989_5,-4.45,-0.04,0.45,1.33,23.21,26.42,27.06,28.13,2.382,-0.324,-0.04,-5.46,2.0,1901,-0.66,0.658,0.33,-1.29,0.36
1989_6,0.35,-1.2,0.09,0.03,22.04,26.3,27.14,28.05,-1.82,-0.389,-0.56,-9.38,1.2,2396,-0.17,0.103,0.31,-1.84,-0.62
1989_7,2.14,-2.04,-1.23,1.0,21.17,25.35,26.72,28.05,3.336,-0.217,-0.59,-13.86,1.5,1819,0.25,-0.4,0.26,-1.33,0.89
1989_8,2.68,0.05,1.32,-0.11,20.71,24.72,26.33,28.02,0.247,-0.207,-0.27,-16.98,-0.5,2171,0.39,-0.42,0.39,-0.96,2.52
1989_9,0.52,-1.12,0.66,2.15,20.07,24.6,26.42,28.26,-0.732,-0.061,0.41,-18.83,0.8,2259,0.06,-0.404,0.21,-2.1,0.44
1989_10,0.54,0.99,-0.0,0.48,20.54,24.58,26.32,28.31,0.908,-0.102,-1.08,-21.3,1.3,2087,0.12,-0.559,0.28,-0.8,1.5
1989_11,-0.24,0.55,-0.04,0.03,21.41,24.51,26.25,28.16,0.928,-0.17,-0.7,-19.01,-0.4,2351,-0.04,-0.839,-0.06,-0.5,-0.47
1990_1,-0.18,0.18,-0.58,0.7,24.09,25.37,26.56,28.48,2.57,-0.203,-1.09,-8.71,-0.1,2101,-0.08,-1.314,-0.34,-0.13,1.37
1990_2,-1.27,-0.14,-1.86,1.16,25.94,26.42,26.96,28.58,1.408,0.005,-2.78,-6.74,-3.0,1783,-0.1,-1.647,0.13,-0.12,0.24
1990_3,-1.6,-0.03,0.03,1.13,26.04,26.92,27.33,28.63,0.761,-0.143,0.04,0.95,-0.7,1888,-0.04,-1.634,0.32,-0.31,-0.13
1990_4,-0.8,-1.11,1.72,2.03,25.02,27.49,27.9,28.75,-1.401,-0.126,-0.62,5.72,0.3,1853,0.06,-1.573,0.35,0.66,-0.84
1990_5,0.61,2.25,0.21,-1.37,24.18,27.41,28.02,28.85,-1.015,-0.069,0.27,11.46,2.0,1897,0.13,-1.714,-0.06,0.49,0.17
1990_6,-0.3,-0.54,0.71,0.29,22.83,26.58,27.64,28.92,0.407,-0.156,-1.39,12.9,0.5,1709,-0.02,-1.81,0.08,0.87,0.77
1990_7,0.91,0.54,0.88,0.56,21.3,25.81,27.38,28.92,-1.779,-0.126,-0.26,12.54,0.9,1807,0.06,-1.88,-0.11,0.62,0.42
1990_8,2.1,0.45,-0.39,1.12,20.57,25.23,27.07,28.92,-1.279,-0.169,1.76,12.63,-0.3,2226,0.3,-2.165,-0.13,0.44,0.59
1990_9,2.08,0.33,0.78,1.18,20.24,25.02,26.94,28.98,-0.368,-0.275,-0.46,13.21,-1.2,1774,0.4,-2.399,-0.07,2.84,0.68
1990_10,1.35,0.66,-0.43,0.76,20.31,24.84,26.93,29.15,0.942,-0.133,-0.91,12.39,0.4,1820,0.41,-2.38,0.1,2.67,0.11
1990_11,0.83,1.24,-0.76,-0.39,21.0,24.9,26.81,29.2,3.355,-0.188,-1.66,11.55,-0.8,1843,0.33,-2.437,0.17,0.73,0.59
1991_1,-1.29,0.93,-0.45,0.49,24.02,25.79,27.03,28.9,1.973,-0.147,0.2,8.71,1.0,2294,-0.14,-2.109,0.12,-0.03,-1.3
1991_2,-1.19,-0.67,0.31,0.74,25.72,26.41,27.07,28.73,-1.423,-0.191,1.13,8.44,0.4,2430,-0.11,-2.09,0.06,-0.03,-0.78
1991_3,-2.06,0.3,-0.38,-0.61,26.28,27.04,27.32,28.66,-4.147,-0.166,-1.21,9.0,-1.1,2300,-0.22,-2.002,0.14,0.44,1.83
1991_4,-3.57,-1.28,-0.14,0.17,25.24,27.53,28.01,28.97,1.941,-0.155,0.38,10.69,-1.0,1988,-0.39,-1.793,0.31,0.96,0.7
1991_5,-4.43,-0.81,-1.13,0.12,24.09,27.49,28.2,29.38,1.095,-0.141,-0.63,3.82,-1.7,1903,-0.42,-1.766,0.49,0.72,0.56
1991_6,-5.03,-1.17,1.02,-0.52,23.33,27.3,28.25,29.35,-0.023,-0.167,-0.92,-3.34,-0.2,2068,-0.43,-1.843,0.44,1.49,0.63
1991_7,-4.12,1.35,-0.58,-0.46,22.56,26.64,28.05,29.34,-0.747,-0.08,0.28,-10.36,0.0,2120,-0.39,-1.672,0.05,0.89,-1.73
1991_8,-2.15,0.43,-0.81,1.46,21.37,25.63,27.53,29.26,-0.861,-0.105,-0.28,-14.69,-0.7,2103,-0.29,-1.706,-0.33,-0.46,-1.15
1991_9,0.38,0.48,1.2,0.61,21.19,25.26,27.14,29.09,-1.395,-0.238,1.15,-13.96,-2.5,1806,-0.14,-1.655,-0.36,-0.69,-0.58
1991_10,-1.31,-0.86,1.24,0.3,21.67,25.59,27.58,29.47,-0.972,-0.304,-2.35,-12.21,-1.7,2013,-0.11,-1.657,-0.36,-1.36,-0.32
1991_11,-1.22,-0.69,1.01,0.37,22.38,26.05,27.9,29.39,1.875,-0.352,0.22,-12.27,-1.1,1720,-0.15,-1.664,-0.34,-1.78,-0.94
1992_1,-1.47,2.49,-0.17,-0.66,25.03,27.03,28.38,28.94,-4.153,-0.358,0.99,-13.96,-4.7,2176,0.0,-1.363,-0.27,-0.04,0.35
1992_2,-0.98,0.92,0.7,0.77,26.71,27.67,28.53,29.08,-8.402,-0.286,0.09,-14.33,-1.5,2321,0.04,-0.945,-0.26,0.1,-0.81
1992_3,-0.75,-0.7,1.28,0.51,27.73,28.26,28.66,28.96,-8.342,-0.34,0.46,-16.84,-3.3,1713,-0.18,-0.48,-0.4,0.55,1.12
1992_4,-1.21,0.77,1.46,1.88,27.72,28.75,29.02,29.09,-3.277,-0.252,-0.29,-17.79,-1.7,1585,-0.29,-0.278,-0.57,2.72,-0.62
1992_5,-0.34,1.53,1.02,2.49,26.63,28.44,28.98,29.23,-2.12,-0.161,1.2,-15.96,0.4,1254,-0.18,-0.363,-0.66,1.98,-0.21
1992_6,0.02,1.55,-0.14,0.51,23.98,27.17,28.3,29.24,-2.053,-0.177,1.36,-15.34,-1.0,1167,-0.11,-0.564,-0.8,0.96,-0.17
1992_7,0.68,1.15,1.83,0.19,21.89,25.75,27.51,29.21,-2.161,-0.218,0.38,-12.05,-1.0,1322,-0.01,-0.992,-0.6,0.74,1.17
1992_8,0.08,0.99,0.43,0.97,20.87,25.03,26.91,28.93,0.417,-0.246,-0.37,-4.75,0.6,1221,-0.23,-1.276,-0.66,-1.3,1.19
1992_9,-0.02,-1.4,-0.87,-0.28,20.76,24.83,26.65,28.86,0.281,-0.269,-1.13,1.3,0.1,1168,-0.21,-1.317,-0.56,-0.53,-1.02
1992_10,0.06,1.53,0.59,-1.4,21.02,24.64,26.42,28.76,-2.741,-0.315,0.4,3.94,-2.3,1317,-0.06,-1.219,-0.52,0.54,0.81
1992_11,-0.71,0.13,0.3,1.12,21.59,24.64,26.42,28.69,0.898,-0.482,0.8,6.33,-1.1,1452,-0.3,-1.146,-0.79,-0.42,1.26
1993_1,-2.26,0.64,-0.65,1.35,24.55,25.55,26.69,28.54,-6.047,-0.503,-1.48,9.63,-1.5,1210,-0.25,-0.819,-0.25,-0.14,-0.22
1993_2,-2.51,1.83,2.12,0.12,26.4,26.8,27.16,28.3,-7.893,-0.584,0.44,10.81,-1.2,1426,-0.25,-0.668,-0.13,0.03,0.24
1993_3,-3.14,0.43,0.21,0.3,27.09,27.61,27.67,28.37,-2.469,-0.405,0.94,11.36,-0.8,1364,-0.23,-0.417,-0.09,0.21,-0.48
1993_4,-3.26,0.39,0.71,0.91,26.79,28.42,28.41,28.66,-0.714,-0.41,1.26,12.6,-1.9,1159,-0.07,-0.267,0.2,2.19,-1.67
1993_5,-2.3,-0.87,0.37,-0.67,25.57,28.33,28.71,28.98,-7.225,-0.435,2.43,13.56,-0.6,1124,-0.04,-0.481,0.03,2.13,0.96
1993_6,-0.88,0.87,1.59,-0.29,24.16,27.06,28.08,29.01,-1.215,-0.367,0.66,6.55,-1.4,1093,0.07,-0.629,-0.03,0.94,0.04
1993_7,-2.55,-0.21,0.73,-3.14,22.66,26.05,27.52,28.97,-0.212,-0.44,-0.28,0.38,-1.3,990,-0.17,-0.854,0.05,0.47,-0.31
1993_8,-2.52,-0.33,0.66,0.03,21.57,25.36,26.99,28.92,-2.359,-0.476,-0.17,-1.2,-1.6,937,-0.11,-1.028,0.04,-0.42,0.52
1993_9,-2.64,2.23,2.48,-0.41,21.11,25.22,27.07,29.06,-0.408,-0.416,-0.97,-1.14,-1.2,870,-0.12,-1.186,0.44,0.19,-0.44
1993_10,-3.22,0.99,2.44,-0.26,21.57,25.11,26.77,28.78,-3.037,-0.553,-0.17,-4.04,-1.8,1003,-0.13,-1.17,0.69,0.56,1.14
1993_11,-5.27,0.58,0.31,2.56,21.96,25.09,26.71,28.79,-0.252,-0.302,-0.35,-5.76,-0.1,959,-0.34,-1.162,0.75,-0.54,0.83
1994_1,-6.23,-1.21,2.38,0.7,24.47,25.86,26.64,28.43,1.699,-0.355,-0.8,-7.64,-0.2,1150,-0.59,-1.203,0.32,-0.13,0.47
1994_2,-5.47,1.14,0.47,0.08,25.77,26.33,26.81,28.14,-1.061,-0.169,-1.27,-9.84,0.4,996,-0.61,-1.399,0.12,-0.22,-1.16
1994_3,-5.56,-1.77,-1.06,0.92,25.48,26.85,27.39,28.37,-1.0,-0.28,0.23,-11.29,-1.1,904,-0.6,-1.611,0.24,-0.26,-0.22
1994_4,-4.92,-0.82,0.98,1.1,24.27,27.2,28.08,28.74,-0.003,-0.271,-0.7,-14.71,-2.1,791,-0.46,-1.847,0.18,0.54,-0.14
1994_5,-4.82,0.82,-0.76,-0.48,23.36,27.15,28.24,29.14,-0.914,-0.294,0.48,-18.03,-1.1,799,-0.5,-2.339,0.11,0.22,1.08
1994_6,-3.49,-0.15,-0.14,1.84,22.21,26.56,28.04,29.23,1.0,-0.369,-1.36,-23.09,-0.7,773,-0.43,-2.75,-0.18,0.94,0.48
1994_7,-2.31,1.69,0.9,1.34,21.09,25.53,27.54,29.4,-0.782,-0.417,-0.06,-28.65,-2.2,805,-0.39,-2.8,-0.26,0.94,1.11
1994_8,-2.24,0.79,0.83,0.36,19.98,24.86,27.38,29.5,-0.926,-0.406,-1.38,-27.02,-2.0,761,-0.29,-2.609,-0.17,-0.59,2.59
1994_9,-1.71,-0.82,0.24,-1.14,20.58,24.85,27.2,29.3,-1.407,-0.545,-2.02,-19.07,-2.6,790,-0.24,-2.5,-0.15,0.25,-0.93
1994_10,-1.42,-0.25,-0.4,-0.54,21.81,25.5,27.47,29.45,-1.6,-0.382,-0.09,-10.29,-1.9,877,-0.08,-2.194,-0.05,0.79,0.46
1994_11,-1.7,2.17,-2.04,0.54,22.26,25.99,27.81,29.44,1.356,-0.319,-1.61,-0.3,-0.9,809,-0.03,-1.657,0.08,-0.29,0.77
1995_1,-1.37,-1.11,1.03,0.57,25.3,26.43,27.57,29.04,-11.749,-0.241,0.2,8.38,-0.7,827,-0.05,-1.726,0.4,0.04,-0.18
1995_2,-1.66,-0.6,0.05,0.85,26.2,26.85,27.49,28.91,-2.735,-0.164,0.68,8.01,-0.2,856,-0.04,-1.911,0.61,0.08,-2.05
1995_3,-3.49,0.56,0.61,0.91,26.0,27.18,27.75,29.03,-4.533,-0.284,0.03,8.79,1.2,851,-0.05,-2.19,0.74,-0.1,-1.04
1995_4,-1.58,-1.18,1.13,-1.07,23.99,27.18,28.1,29.14,-0.973,-0.175,0.04,11.79,-1.1,777,0.11,-2.296,0.61,0.48,0.72
1995_5,0.76,-0.82,0.72,-1.33,23.0,26.53,27.82,29.31,-1.434,-0.145,0.09,14.92,-0.6,755,0.3,-2.263,0.59,0.16,0.91
1995_6,1.33,0.15,0.02,0.44,22.2,26.07,27.59,29.18,-0.292,-0.06,0.9,15.62,0.2,757,0.48,-2.004,0.64,1.58,-1.32
1995_7,2.48,0.99,1.11,-0.19,21.35,25.36,27.08,28.93,-1.075,-0.008,-0.74,11.74,0.7,739,0.58,-1.533,0.35,2.71,0.83
1995_8,2.99,0.83,-0.92,0.76,20.6,24.21,26.23,28.65,-1.786,0.047,-0.33,9.53,0.5,738,0.59,-1.006,-0.07,3.02,-0.74
1995_9,2.91,-1.2,1.9,0.45,20.44,23.86,25.88,28.41,-0.161,-0.062,1.22,6.98,0.4,720,0.4,-0.569,-0.04,1.63,0.05
1995_10,3.46,0.54,-0.32,0.72,20.46,23.98,25.84,28.31,1.31,-0.043,0.11,3.43,0.0,779,0.37,-0.342,-0.05,1.96,-0.42
1995_11,4.66,0.52,1.07,-1.59,21.37,24.04,25.6,28.11,0.83,-0.073,-0.73,-0.77,0.1,742,0.51,-0.188,0.12,0.79,-1.76
1996_1,5.71,-0.47,0.26,-0.65,23.92,24.85,25.69,27.85,1.09,-0.162,-0.68,-5.79,1.6,745,0.74,0.036,0.18,-0.17,-0.92
1996_2,2.64,-1.29,0.27,-0.52,25.66,25.73,25.89,27.67,-3.874,-0.128,-0.7,-6.9,0.4,715,0.4,-0.373,0.43,-0.25,0.07
1996_3,0.09,-1.23,2.41,-0.66,26.16,26.67,26.67,27.92,-1.118,-0.137,-0.75,-9.92,1.9,707,0.22,-0.6,0.47,-0.41,-0.3
1996_4,0.02,0.72,0.07,-0.33,23.62,26.75,27.35,28.17,0.299,-0.193,0.51,-11.08,1.3,693,0.31,-0.911,0.65,-0.51,-2.12
1996_5,-0.15,0.01,1.15,-0.93,22.97,26.51,27.55,28.46,-1.566,-0.209,0.37,-14.88,0.5,701,0.36,-1.525,0.77,-0.27,-1.46
1996_6,-1.58,-0.5,-0.96,0.87,21.24,25.86,27.29,28.49,1.471,-0.099,-1.18,-17.03,1.9,696,0.18,-1.984,0.87,-0.23,-0.09
1996_7,-1.27,-0.67,-0.17,0.7,20.7,25.17,26.85,28.45,0.022,0.029,0.18,-23.93,1.1,712,0.12,-2.02,0.66,-1.23,1.66
1996_8,-0.58,0.88,0.92,1.19,20.14,24.69,26.64,28.47,0.935,-0.008,-0.93,-25.85,1.2,724,-0.03,-1.961,0.35,-2.14,-1.18
1996_9,0.53,1.47,-0.02,-0.69,20.08,24.41,26.27,28.4,1.728,0.039,-0.27,-26.02,1.0,694,0.15,-1.89,0.13,0.88,-1.41
1996_10,1.17,0.14,-0.54,0.15,20.31,24.39,26.27,28.45,2.151,-0.035,-0.67,-23.4,1.0,692,0.08,-1.73,0.12,-0.37,-0.78
1996_11,1.42,-2.39,1.61,-0.72,20.56,24.45,26.29,28.47,1.419,-0.066,-0.44,-18.08,-0.1,787,0.03,-1.662,0.12,-1.63,0.26
1997_1,4.26,1.68,0.22,-1.08,23.66,24.77,26.01,28.33,-2.977,-0.213,0.16,-3.57,0.8,740,0.31,-1.345,-0.22,-0.17,-2.31
1997_2,3.32,0.61,-0.03,1.48,25.88,25.73,26.38,28.39,6.571,-0.329,0.45,1.94,2.9,738,0.34,-1.149,-0.34,-0.21,-0.24
1997_3,2.7,-0.55,-0.06,1.13,27.03,26.86,27.04,28.56,2.004,-0.305,-1.56,4.77,-0.7,735,0.15,-0.538,-0.47,0.19,-0.16
1997_4,2.11,1.52,1.7,-1.25,26.44,27.47,27.98,29.22,-0.95,-0.285,0.29,9.74,-1.0,745,0.27,0.297,-0.5,0.67,-1.04
1997_5,2.52,0.73,2.43,-0.21,26.54,27.9,28.58,29.44,-4.599,-0.339,0.77,12.37,-2.2,746,0.43,1.055,-0.54,2.16,1.21
1997_6,2.32,1.26,-0.56,-1.17,26.12,28.13,28.82,29.23,-2.225,-0.24,-0.25,14.5,-2.3,717,0.54,1.783,-0.67,3.77,-0.67
1997_7,0.23,1.14,-1.32,0.37,25.59,27.9,28.86,29.37,-0.972,-0.328,0.1,14.85,-1.2,711,0.34,2.51,-0.27,4.75,0.4
1997_8,-1.4,-0.57,-0.08,0.94,24.96,27.71,28.75,29.29,-3.765,-0.431,-0.55,11.69,-2.4,790,0.16,2.833,-0.09,5.05,-0.34
1997_9,-1.16,0.31,0.36,0.74,24.69,27.74,28.85,29.44,-4.213,-0.371,0.22,11.64,-2.4,962,0.26,2.944,0.21,6.13,0.38
1997_10,-0.15,1.3,0.1,-1.34,24.69,28.06,29.08,29.34,-1.741,-0.255,-0.12,9.91,-2.4,849,0.59,3.09,0.69,6.07,-2.15
1997_11,-0.35,1.52,0.65,-1.08,26.12,28.37,29.12,29.39,-8.608,-0.25,0.86,5.74,-2.0,995,0.58,3.037,0.79,4.73,1.84
1998_1,-1.55,0.55,0.62,-0.05,28.12,28.74,28.93,28.95,-8.112,0.007,0.3,-0.85,-4.4,934,0.43,2.716,0.72,3.57,0.06
1998_2,1.52,2.72,-0.33,-0.57,28.74,28.9,28.78,28.79,-10.934,0.256,0.89,-2.96,-3.4,934,0.77,2.87,0.74,4.93,0.67
1998_3,2.17,-1.11,1.31,0.51,29.23,29.12,28.62,28.62,-3.578,0.23,0.69,-4.92,-4.0,1091,0.75,3.045,0.69,5.43,1.04
1998_4,0.74,0.55,-0.49,-0.88,28.22,29.22,28.6,28.56,-0.944,0.179,0.85,-7.82,-2.4,1083,0.59,2.983,0.54,4.8,2.32
1998_5,1.2,-0.6,-1.36,-1.17,27.14,28.64,28.51,28.66,-2.547,0.096,-1.87,-14.08,0.4,1067,0.59,3.164,0.54,4.46,1.88
1998_6,1.42,-1.56,0.23,-2.44,25.36,26.99,27.34,28.26,1.351,0.143,0.09,-18.57,1.6,1084,0.66,3.21,0.66,5.33,-0.34
1998_7,0.85,-1.25,0.12,-0.45,23.37,25.42,26.3,28.11,0.856,0.247,1.67,-22.97,2.0,1140,0.56,2.762,0.85,6.02,-0.4
1998_8,1.89,0.12,-1.67,-0.15,21.97,24.45,25.57,27.77,1.579,0.327,-0.6,-24.7,1.9,1360,0.67,2.45,0.59,5.82,-0.02
1998_9,1.35,0.54,-0.52,-1.8,20.95,23.95,25.46,27.74,-1.561,0.245,0.42,-22.12,1.7,1383,0.51,2.368,0.41,3.35,1.81
1998_10,4.11,-0.53,-1.27,0.2,21.35,23.99,25.25,27.42,1.959,0.117,0.77,-18.77,1.8,1173,0.49,2.262,0.21,3.32,1.32
1998_11,4.39,-0.22,-0.52,-0.43,21.51,24.24,25.24,27.24,0.938,-0.026,0.7,-12.22,1.7,1402,0.43,2.225,0.32,1.56,0.34
1999_1,1.36,-0.89,-0.89,0.39,23.79,24.41,24.86,26.64,4.302,-0.111,-0.44,3.09,3.0,1426,-0.1,2.451,0.13,-0.17,0.08
1999_2,-0.3,-0.57,-1.12,-0.11,25.56,25.52,25.43,26.56,3.174,-0.079,-0.46,5.84,1.6,1420,-0.2,2.095,0.05,-0.23,1.51
1999_3,-2.06,1.39,-0.73,-0.16,26.45,26.68,26.33,26.98,0.822,-0.006,0.38,8.59,2.1,1263,-0.23,1.7,0.33,-0.24,1.19
1999_4,-2.8,0.42,-0.57,-1.18,24.64,26.71,26.7,27.41,4.186,-0.144,0.05,13.51,2.3,1172,-0.13,1.138,0.45,-0.5,1.3
1999_5,-1.87,1.66,-0.69,0.9,23.73,26.45,26.79,27.89,2.295,-0.332,-0.05,15.56,0.4,1486,0.11,0.449,0.53,-0.83,-0.3
1999_6,-0.83,-0.74,-1.44,1.44,22.36,25.72,26.53,27.96,0.057,-0.35,0.43,15.23,0.4,1698,0.15,-0.101,0.49,0.71,0.32
1999_7,-1.1,0.8,0.34,-0.87,21.73,25.05,26.13,27.75,-0.469,-0.232,-0.92,14.11,0.9,1656,0.17,-0.311,0.64,-0.08,0.26
1999_8,0.94,1.17,0.32,0.38,20.89,24.28,25.63,27.69,-1.651,-0.275,1.95,11.91,0.6,1708,0.34,-0.369,0.55,3.09,1.12
1999_9,2.35,-0.5,-0.44,0.5,19.67,23.79,25.63,27.79,-1.651,-0.161,0.33,11.18,-0.1,1357,0.38,-0.2,0.24,1.45,0.6
1999_10,2.2,-0.61,-0.24,0.73,20.15,23.6,25.48,27.79,0.012,-0.132,0.62,10.62,1.6,1648,0.25,0.152,0.28,0.21,-0.45
1999_11,2.29,-0.43,-1.33,0.55,20.43,23.6,25.12,27.42,-2.029,-0.167,0.45,6.01,1.7,1915,0.13,0.477,0.33,-0.08,1.91
2000_1,1.19,0.65,-0.92,0.19,23.81,24.0,24.78,26.99,0.929,-0.1,-1.7,4.85,1.1,1581,-0.18,1.452,0.21,-0.17,-0.21
2000_2,-0.38,0.1,-0.55,1.48,25.48,25.27,25.21,26.73,-4.992,-0.186,1.2,4.2,2.7,1732,-0.1,1.827,0.39,-0.3,-0.41
2000_3,0.31,-1.13,-0.4,0.4,26.02,26.7,26.3,26.89,3.324,-0.295,0.95,5.51,2.2,2082,0.06,1.857,0.4,-0.8,0.01
2000_4,-1.41,-0.95,0.08,-0.18,25.5,27.41,26.95,27.2,-0.614,-0.184,-0.58,3.98,2.0,1842,-0.01,1.494,0.37,-0.04,-1.3
2000_5,-1.99,0.96,-0.62,1.52,24.02,26.88,27.07,27.63,-0.812,-0.265,-0.16,-0.99,0.6,1845,-0.06,0.783,0.29,-0.31,-1.46
2000_6,-2.3,-0.34,-0.24,0.28,22.75,26.03,26.94,28.06,-1.944,-0.411,-1.19,-7.83,-0.3,1798,-0.16,0.17,0.2,-1.11,0.57
2000_7,-1.05,-1.64,-1.26,-1.0,21.68,25.18,26.63,28.17,1.526,-0.268,-2.55,-13.13,-0.3,2047,0.01,-0.465,0.15,-0.66,1.07
2000_8,-0.38,1.17,0.63,-0.5,20.44,24.64,26.37,28.16,0.997,-0.065,-0.51,-15.31,1.2,1631,0.15,-0.707,0.2,1.09,-0.86
2000_9,-0.12,1.19,0.49,-0.06,20.5,24.59,26.2,28.27,-0.59,0.066,-1.21,-15.52,1.4,1821,0.02,-0.798,0.02,1.16,0.52
2000_10,0.15,-1.45,-0.72,1.51,20.74,24.48,26.02,28.11,1.53,0.052,0.44,-14.04,1.8,1677,0.0,-0.377,0.1,0.96,1.14
2000_11,0.39,-0.9,0.2,-1.1,20.46,24.4,25.92,27.92,4.215,0.04,0.7,-15.07,3.0,1788,-0.12,-0.097,0.07,0.65,-0.23
2001_1,0.4,-0.85,-0.9,-0.22,23.94,25.24,25.81,27.43,1.31,-0.044,1.29,-15.69,1.6,1666,-0.13,0.785,0.16,-0.17,0.42
2001_2,-0.06,0.12,0.26,0.07,25.62,26.12,26.12,27.37,2.013,-0.042,-0.51,-15.53,2.8,1467,-0.15,1.25,0.17,-0.24,1.57
2001_3,0.15,-0.35,-1.16,-1.73,26.66,27.2,26.8,27.61,0.853,0.039,0.39,-15.99,1.5,1777,0.15,0.853,0.29,-0.44,-1.05
2001_4,-1.45,-0.59,0.06,-0.15,25.72,27.46,27.33,28.04,2.209,0.067,-0.7,-17.73,0.3,1781,0.05,0.239,0.38,0.12,1.1
2001_5,-2.08,1.48,-1.42,0.03,23.71,27.11,27.6,28.53,-0.607,0.058,-0.01,-20.99,-0.8,1479,0.06,-0.568,0.47,-0.68,-1.16
2001_6,-0.64,0.48,0.55,0.11,22.28,26.34,27.54,28.79,1.43,0.053,-0.89,-23.31,0.5,1737,0.24,-1.504,0.36,0.51,0.41
2001_7,0.41,-0.62,-1.3,-0.22,21.38,25.53,27.25,28.98,0.528,-0.032,-0.36,-24.45,-0.3,1313,0.3,-2.452,0.15,0.57,-0.32
2001_8,0.41,0.53,-1.17,-0.22,20.16,24.9,26.8,28.84,-0.027,-0.044,-0.14,-21.67,-0.7,1631,0.34,-2.846,0.14,2.95,-0.27
2001_9,2.93,-1.08,-0.46,-0.49,19.6,24.31,26.52,28.97,-0.811,-0.023,0.04,-14.29,0.3,2338,0.51,-2.858,0.11,3.09,2.28
2001_10,3.31,0.54,-0.04,0.25,19.88,24.55,26.57,28.95,0.734,0.06,-0.08,-10.81,-0.1,2081,0.48,-2.637,0.2,2.07,-0.58
2001_11,5.03,-0.67,-0.33,0.53,20.77,24.42,26.33,28.78,-2.977,-0.023,1.03,-3.88,1.1,2127,0.62,-2.674,0.16,1.89,0.79
2002_1,6.05,0.7,-0.11,0.0,23.79,25.17,26.39,28.72,2.848,-0.003,-0.7,4.64,0.7,2273,0.78,-1.78,0.14,-0.13,-0.04
2002_2,4.3,-0.56,-0.89,0.8,26.03,26.16,26.71,28.66,2.942,-0.115,-0.11,8.0,1.8,2050,0.53,-1.343,-0.06,-0.14,0.87
2002_3,2.14,0.39,1.99,0.32,27.25,27.35,27.29,28.57,1.664,-0.006,-1.56,9.32,-0.4,2044,0.37,-1.287,0.29,0.06,0.73
2002_4,-2.38,-0.38,0.45,1.14,26.35,27.58,27.84,29.03,0.226,0.166,-2.4,14.03,-0.1,1898,-0.02,-1.326,0.31,0.81,0.21
2002_5,-4.39,0.52,1.52,-0.15,25.04,27.51,28.24,29.52,-0.127,0.162,-0.56,14.16,-1.4,1784,-0.19,-1.663,0.49,0.47,-0.79
2002_6,-4.43,0.18,-0.2,0.69,23.51,27.19,28.44,29.61,0.495,0.145,0.06,13.26,-0.4,1487,-0.13,-2.335,0.33,-0.36,-0.72
2002_7,-3.56,-0.65,-0.69,0.65,21.72,26.19,28.03,29.52,-1.938,0.058,0.4,10.05,-0.8,1735,-0.06,-2.871,0.47,0.71,-1.06
2002_8,-1.99,0.09,-0.07,0.36,20.74,25.63,27.72,29.43,-0.31,-0.109,0.61,10.6,-1.6,1839,-0.05,-3.001,0.01,0.68,-1.64
2002_9,-0.73,0.46,-0.4,-0.54,20.93,25.76,27.81,29.37,-2.719,-0.068,0.6,8.9,-1.0,1758,0.07,-2.878,-0.08,1.77,0.79
2002_10,1.14,0.78,1.77,-1.97,21.39,25.97,27.96,29.41,-0.016,0.035,-0.55,7.66,-0.6,1670,0.36,-2.546,0.14,3.03,-2.12
2002_11,0.91,0.45,2.05,-0.32,22.63,26.4,28.17,29.55,-1.922,0.095,1.46,4.46,-0.7,1687,0.22,-2.413,-0.07,1.15,-1.51
2003_1,0.13,-0.39,2.07,-0.32,24.69,26.23,27.15,28.89,-2.517,0.156,1.01,-1.39,-0.3,1440,0.27,-2.523,0.56,-0.03,-0.14
2003_2,-1.6,0.87,0.94,0.26,25.98,26.84,27.39,28.88,-0.073,0.209,0.68,-1.43,-1.1,1245,0.0,-2.644,0.57,0.02,0.17
2003_3,-3.1,1.24,0.56,-0.07,26.42,27.39,27.65,28.92,-0.57,0.115,-0.36,-3.3,-0.5,1322,0.04,-2.91,0.63,1.21,-1.01
2003_4,-1.79,0.31,0.34,-0.34,24.98,27.14,27.68,28.96,-2.628,0.156,-0.1,-8.56,-0.2,1263,0.0,-2.995,0.42,0.46,1.58
2003_5,-1.51,-0.85,-0.57,0.06,22.77,26.29,27.32,28.86,-0.762,0.104,-1.85,-13.63,-0.5,1162,0.06,-3.04,0.37,-0.09,0.03
2003_6,-0.11,1.79,0.17,0.24,21.77,26.03,27.44,29.07,-2.216,0.087,-0.53,-17.71,-1.0,1293,0.22,-2.895,0.1,1.43,0.76
2003_7,-0.16,-0.23,-0.14,0.16,20.95,25.92,27.5,29.08,0.286,0.091,0.73,-22.99,0.5,1277,0.36,-2.723,0.4,1.99,-1.94
2003_8,1.37,-1.58,-1.46,-0.22,21.02,25.38,27.11,28.98,0.091,0.062,-0.31,-24.64,0.2,1221,0.59,-2.412,0.49,4.58,-0.9
2003_9,2.67,-1.04,-0.7,0.16,20.28,25.05,26.99,28.94,-1.554,0.075,0.59,-22.51,-0.2,1122,0.66,-2.082,0.49,3.74,-2.17
2003_10,3.82,-0.58,0.85,-0.86,21.25,25.38,27.14,29.12,0.414,0.1,1.23,-20.34,0.0,1513,0.8,-1.738,0.53,4.71,-0.42
2003_11,2.17,0.32,-0.11,0.77,21.94,25.75,27.04,29.07,-0.763,0.046,-1.65,-17.86,-0.5,1408,0.48,-1.596,0.55,2.91,0.69
2004_1,2.87,-0.35,0.66,-0.85,24.36,26.08,26.81,28.75,-0.554,0.06,-0.12,-4.84,-2.2,1141,0.5,-1.6,0.41,-0.14,-1.58
2004_2,3.07,0.63,-0.5,-0.6,26.03,26.7,26.98,28.57,-0.219,0.136,1.12,2.61,2.0,1070,0.51,-1.571,0.22,-0.19,0.6
2004_3,2.17,0.87,-1.28,0.67,25.75,27.34,27.4,28.42,5.007,0.088,-0.0,5.45,0.7,1120,0.36,-1.913,-0.01,-0.34,0.13
2004_4,2.72,0.9,1.23,1.11,24.96,27.52,27.89,28.71,0.078,0.097,0.25,10.46,-1.5,1012,0.46,-2.272,-0.26,0.63,0.49
2004_5,0.9,-0.12,1.92,0.23,22.82,26.8,28.0,29.02,1.529,-0.174,-1.46,12.97,1.7,998,0.17,-2.637,-0.12,0.31,0.4
2004_6,1.22,-0.06,3.36,-0.59,22.05,26.35,27.86,29.19,0.547,-0.253,-0.28,11.75,-1.4,974,0.27,-2.999,-0.08,1.14,2.08
2004_7,1.82,-0.28,1.19,1.16,21.18,25.78,27.78,29.32,-1.063,-0.231,-0.33,9.96,-0.8,1185,0.46,-3.376,0.08,2.18,0.34
2004_8,3.7,-1.22,0.07,-0.74,20.26,25.36,27.62,29.34,-0.766,-0.292,1.52,8.74,-0.5,1110,0.68,-3.253,0.22,4.44,-0.03
2004_9,2.96,-0.17,-2.21,0.52,20.46,25.35,27.53,29.45,0.674,-0.19,-0.11,7.29,-0.6,1030,0.59,-2.993,0.33,3.67,0.26
2004_10,4.1,-0.43,-0.71,-0.69,21.16,25.52,27.44,29.46,-2.109,-0.153,-1.37,8.0,-0.1,1059,0.62,-2.731,0.14,3.16,0.89
2004_11,4.88,0.1,-0.26,0.63,22.37,25.73,27.36,29.45,4.444,-0.055,0.29,4.35,-1.1,1137,0.63,-2.505,0.24,2.7,0.65
2005_1,2.39,0.08,0.73,1.26,24.54,25.98,27.21,29.2,-2.242,0.068,-0.62,-0.69,0.6,1022,0.46,-2.598,0.61,-0.06,-0.93
2005_2,1.43,-0.65,-0.29,-0.51,25.16,26.31,27.11,28.87,-5.398,0.184,-0.11,-0.96,-5.2,972,0.38,-2.605,0.49,-0.22,0.34
2005_3,2.27,0.4,0.31,-2.32,25.03,27.14,27.73,28.93,-0.002,0.199,0.56,-0.33,0.5,899,0.68,-2.408,0.61,0.36,-0.22
2005_4,3.82,-0.02,0.81,-0.47,25.12,27.53,28.08,29.05,0.287,-0.039,1.0,-6.64,-1.0,860,0.81,-2.383,0.29,1.4,-0.18
2005_5,4.58,-1.3,0.09,-1.11,24.04,27.41,28.24,29.21,-2.468,0.017,1.62,-15.09,-1.3,995,1.01,-2.284,-0.06,3.11,-0.08
2005_6,5.55,0.36,1.43,0.26,22.35,26.68,27.77,29.14,1.027,0.022,0.42,-20.59,0.7,937,0.92,-1.897,-0.26,4.42,0.79
2005_7,4.03,0.22,-1.11,-0.48,21.61,25.91,27.06,28.79,-0.195,0.054,-0.02,-24.2,0.3,965,0.84,-1.885,-0.32,5.84,-1.2
2005_8,3.31,-1.6,-0.6,0.35,20.61,25.3,26.8,28.73,-0.757,0.08,0.69,-25.87,-0.6,905,0.74,-2.124,0.01,4.9,0.35
2005_9,4.08,-0.91,-1.98,0.76,19.99,24.82,26.68,28.79,3.341,-0.008,1.32,-27.8,0.6,911,0.73,-1.999,-0.09,4.4,0.57
2005_10,3.63,-0.88,-1.6,-0.55,19.75,24.64,26.65,28.85,2.172,0.063,1.16,-28.76,2.0,766,0.54,-1.668,-0.0,2.45,1.0
2005_11,3.69,-1.14,0.35,-0.46,20.23,23.97,26.11,28.55,3.332,0.024,-0.74,-29.55,-0.3,862,0.4,-1.264,-0.07,1.48,-1.84
2006_1,4.17,0.82,-1.07,0.97,24.19,24.85,25.63,27.82,4.121,-0.005,-0.1,-18.83,2.7,834,0.41,0.151,0.04,-0.17,0.71
2006_2,1.2,-0.61,0.57,-1.02,26.32,26.06,26.08,27.52,2.257,0.046,-0.44,-11.24,0.2,765,0.19,0.067,0.23,-0.3,2.06
2006_3,-0.26,1.52,0.2,-1.75,26.2,26.65,26.57,27.73,-0.108,-0.002,-0.56,-0.38,2.9,755,0.18,-0.099,0.41,-0.52,0.49
2006_4,1.3,-0.86,-1.57,1.2,24.04,27.16,27.5,28.29,-0.886,-0.097,0.2,5.0,1.8,890,0.41,-0.601,0.31,-0.07,0.56
2006_5,0.83,-0.93,-0.31,-1.01,23.86,27.17,27.85,28.86,-0.66,0.035,-1.03,10.36,-0.8,809,0.43,-1.17,0.24,0.45,0.19
2006_6,0.07,-1.07,-0.49,1.15,22.91,26.61,27.73,29.03,-0.154,0.05,-1.02,11.47,-0.4,765,0.52,-1.501,0.41,0.95,-1.15
2006_7,-0.51,1.01,-0.46,0.93,22.16,25.82,27.3,29.1,-0.913,-0.11,1.29,10.75,-1.0,758,0.36,-1.289,0.3,2.14,-1.0
2006_8,1.27,-0.97,0.13,-2.35,21.71,25.51,27.16,29.21,-0.472,-0.146,-1.45,9.1,-1.7,794,0.53,-1.087,0.33,4.29,-0.16
2006_9,1.99,0.41,0.47,-1.43,21.7,25.73,27.32,29.4,0.579,-0.126,0.31,10.2,-1.0,778,0.69,-0.991,0.27,4.92,0.05
2006_10,3.69,0.5,0.97,-1.92,22.07,25.86,27.41,29.45,-1.143,-0.241,-0.76,10.86,-2.1,743,0.74,-1.131,0.23,5.22,0.67
2006_11,4.49,-0.27,-0.38,0.33,22.45,26.1,27.69,29.62,0.905,-0.069,-1.34,10.1,0.1,863,0.71,-1.184,0.08,3.18,-1.84
2007_1,2.24,-0.0,-1.14,-0.25,25.23,26.53,27.24,28.97,8.058,0.122,0.27,2.61,-1.3,835,0.46,-1.594,0.24,-0.04,1.81
2007_2,2.96,0.74,0.93,-0.98,26.21,26.49,26.88,28.66,2.207,0.101,-0.42,2.43,-0.1,777,0.56,-1.834,0.21,0.0,0.15
2007_3,1.98,-0.02,-1.27,1.11,25.84,26.8,27.1,28.66,5.106,-0.025,-0.12,1.24,0.3,722,0.33,-2.022,0.04,-0.29,-1.06
2007_4,0.99,1.53,-0.19,0.04,24.31,26.95,27.5,28.73,1.956,-0.039,0.97,-5.18,-0.2,724,0.4,-2.341,0.24,0.45,-1.61
2007_5,-0.2,0.03,-0.67,0.66,22.63,26.37,27.46,28.84,2.032,0.013,0.03,-14.06,-0.2,744,0.21,-2.655,0.28,0.04,-0.66
2007_6,-0.48,0.11,0.0,-1.01,21.52,25.9,27.37,28.9,3.25,0.176,-0.3,-21.33,0.9,737,0.16,-2.697,0.43,0.19,-0.17
2007_7,-0.99,-0.3,0.49,-0.55,20.98,24.85,26.71,28.68,-1.612,0.02,1.65,-24.92,-0.5,716,0.09,-2.565,0.23,1.63,-0.09
2007_8,-0.24,-1.7,-0.67,-0.31,19.81,23.94,26.14,28.48,-1.554,0.016,1.96,-27.41,0.7,691,0.01,-2.305,0.15,1.52,0.02
2007_9,0.2,-0.77,-1.29,0.85,19.75,23.63,25.61,28.11,1.379,0.053,1.52,-28.13,0.3,670,0.11,-1.865,0.27,1.63,1.2
2007_10,2.42,-1.07,-1.96,1.0,19.5,23.55,25.32,27.91,2.134,-0.001,0.77,-29.05,1.2,675,0.24,-1.291,0.11,1.4,0.4
2007_11,3.5,-0.5,0.68,0.48,19.92,23.48,25.17,27.61,3.971,-0.138,0.65,-27.61,1.4,696,0.24,-0.302,0.1,0.47,-0.04
2008_1,2.15,-0.64,-1.25,0.53,24.08,24.19,24.86,26.87,1.343,-0.046,-1.06,-12.42,2.9,743,0.14,1.836,0.19,-0.17,0.92
2008_2,0.98,0.12,-0.4,0.38,26.32,25.16,25.08,26.62,5.692,-0.197,0.37,-4.7,4.4,711,0.18,2.404,0.36,-0.28,0.01
2008_3,0.12,-0.47,-1.62,-0.32,26.88,26.45,26.07,26.97,8.118,-0.332,-0.61,2.19,2.4,729,0.27,2.671,0.6,-0.53,-1.35
2008_4,-1.87,-0.38,-0.5,-1.31,25.94,27.12,26.83,27.46,4.419,-0.346,-1.18,6.43,1.1,702,0.09,2.493,0.64,0.17,0.28
2008_5,-0.64,0.71,0.21,-1.55,24.95,27.0,27.09,27.81,0.569,-0.445,1.25,11.53,-0.1,684,0.28,2.015,0.82,-0.31,-0.66
2008_6,-0.59,0.06,-1.13,-1.09,23.68,26.46,27.04,27.96,1.47,-0.418,-1.76,13.45,1.0,659,0.39,1.613,0.7,-0.02,-0.36
2008_7,-0.41,0.53,-1.13,-1.24,22.95,26.08,26.99,28.07,-1.584,-0.248,-0.51,13.27,0.5,657,0.45,1.429,0.66,0.99,0.02
2008_8,0.08,-0.28,-0.36,-1.62,22.4,25.62,26.72,28.04,-1.437,-0.074,0.89,11.63,1.7,663,0.45,1.173,0.51,3.42,-1.32
2008_9,2.09,-0.77,-0.11,1.14,21.75,25.2,26.47,28.08,-0.095,0.12,0.89,11.6,2.0,671,0.57,0.955,0.28,2.7,-0.83
2008_10,2.81,-0.9,-1.0,0.47,21.37,25.07,26.37,28.17,2.203,0.077,1.11,11.05,2.1,683,0.43,0.839,0.27,2.62,0.19
2008_11,1.84,-1.28,0.65,-0.47,21.38,24.98,26.25,27.98,2.515,0.01,1.05,9.13,2.2,686,0.27,0.787,0.31,1.84,0.33
2009_1,0.67,-1.33,-0.18,-0.52,24.4,25.15,25.66,27.37,6.754,-0.002,0.13,10.71,1.8,698,0.07,0.793,0.45,-0.17,0.01
2009_2,-2.79,-1.17,0.32,-0.38,25.42,25.84,25.96,27.35,-1.159,-0.041,-1.57,12.33,3.1,700,-0.37,0.753,0.35,-0.3,1.71
2009_3,-3.72,0.18,-1.12,0.19,25.67,26.49,26.59,27.74,4.57,0.093,-1.29,11.44,0.7,692,-0.34,0.514,0.54,-0.76,0.22
2009_4,-4.03,1.26,0.49,-0.36,25.94,27.41,27.47,28.37,3.125,0.051,-0.04,9.11,1.3,697,-0.31,0.107,0.52,-0.11,0.02
2009_5,-5.29,0.21,1.31,1.61,24.76,27.54,27.99,28.9,1.11,0.116,-0.43,1.56,-0.2,705,-0.23,-0.284,0.79,0.25,-0.67
2009_6,-3.6,1.23,-0.39,-0.91,23.78,27.18,28.04,29.14,-2.38,0.154,0.48,-5.47,0.2,686,0.05,-0.476,0.59,1.85,-1.74
2009_7,0.11,0.7,1.65,-2.11,22.71,26.49,27.78,29.19,0.195,0.182,0.72,-12.21,0.4,682,0.45,-0.848,0.39,3.8,1.2
2009_8,0.33,-0.3,-1.39,-0.37,21.85,25.92,27.42,29.23,-0.257,0.228,0.62,-14.45,-0.3,674,0.41,-1.309,0.24,4.09,0.66
2009_9,0.45,-0.22,-1.02,1.62,21.23,25.69,27.4,29.33,1.42,0.063,1.03,-13.81,0.5,705,0.35,-1.687,0.19,3.77,-1.02
2009_10,2.56,0.34,0.7,-0.61,21.34,25.76,27.6,29.68,-0.416,0.082,0.64,-11.69,-2.0,723,0.63,-2.025,0.45,4.87,-2.05
2009_11,2.53,-0.42,-1.62,-0.16,21.99,26.18,28.16,29.82,1.02,0.048,0.19,-13.83,-1.0,736,0.51,-2.418,0.3,3.17,1.27
2010_1,1.98,-0.55,-0.58,-1.8,24.85,26.73,28.07,29.44,-8.052,0.074,0.96,-16.02,-1.8,811,0.8,-2.649,0.79,-0.0,0.47
2010_2,3.96,-1.02,-0.51,-2.69,26.22,27.28,28.01,29.08,-6.329,0.243,0.48,-16.98,-2.4,847,1.07,-2.398,0.68,0.64,0.23
2010_3,5.01,1.08,-1.63,-1.33,26.56,27.76,28.18,29.07,-0.178,0.275,1.68,-19.68,-1.1,834,1.27,-2.127,0.89,1.85,1.83
2010_4,5.3,-0.67,-1.21,-0.93,25.43,27.85,28.2,29.13,-1.751,0.312,1.26,-23.57,2.0,759,1.4,-1.75,0.68,4.04,0.88
2010_5,6.11,-2.05,-0.15,-1.33,24.65,27.08,27.71,29.01,3.498,0.373,-0.73,-26.28,1.5,738,1.35,-1.548,0.62,6.14,-2.5
2010_6,4.17,-1.91,1.5,-0.52,23.14,25.91,27.04,28.66,2.772,0.389,-0.1,-25.05,0.6,725,1.11,-0.957,0.85,7.32,-0.08
2010_7,3.84,-1.42,-0.22,-0.39,20.93,24.79,26.22,28.1,-0.044,0.354,0.89,-9.84,3.0,798,1.01,-0.564,0.6,5.94,-2.38
2010_8,4.19,-0.77,-1.48,-1.69,19.7,23.97,25.47,27.54,0.429,0.263,1.07,1.45,3.0,795,0.97,-0.218,0.48,4.95,0.41
2010_9,4.92,-1.08,-0.34,-0.62,19.5,23.61,25.12,27.32,1.166,0.319,1.07,6.58,3.7,811,0.75,0.113,0.23,3.24,0.05
2010_10,6.11,-0.03,-0.58,-0.5,19.73,23.5,25.03,27.15,1.905,0.237,2.15,10.83,2.9,817,0.77,0.681,0.43,2.94,0.67
2010_11,6.32,-0.96,0.27,-1.84,20.34,23.59,25.06,27.11,4.024,0.161,-0.81,12.16,2.1,825,0.7,1.167,0.4,2.27,-0.33
2011_1,7.01,-0.38,-0.42,-1.53,24.08,24.4,25.0,26.92,5.233,-0.13,1.0,9.18,3.8,834,0.97,1.523,0.45,-0.17,-1.37
2011_2,3.3,0.58,-0.12,0.35,25.94,25.63,25.64,27.15,4.645,-0.11,-2.41,10.05,4.5,946,0.53,1.577,0.59,-0.28,-0.13
2011_3,1.37,0.08,-0.03,0.24,25.61,26.47,26.36,27.51,0.887,-0.115,0.38,10.44,4.2,1158,0.41,1.546,0.72,-0.85,-0.1
2011_4,0.16,1.23,-0.63,2.55,25.34,27.25,27.05,27.89,3.593,-0.237,-1.78,10.71,3.1,1125,0.33,1.271,0.49,-0.75,-1.93
2011_5,0.96,-1.52,-1.18,-0.01,24.53,26.96,27.41,28.35,0.947,-0.133,0.25,10.02,0.6,958,0.41,0.844,0.3,0.0,0.38
2011_6,1.87,-0.33,-0.48,-0.98,23.42,26.5,27.35,28.46,-0.365,-0.147,0.35,3.9,0.4,958,0.59,0.675,0.2,2.13,0.81
2011_7,0.97,-0.79,-2.23,-1.48,22.06,25.61,26.87,28.42,-0.393,-0.147,-0.75,0.44,1.6,941,0.43,0.387,0.27,2.64,-0.27
2011_8,0.78,0.97,-0.67,-1.85,20.79,24.73,26.21,28.16,0.467,-0.053,1.4,-0.49,0.7,1017,0.49,0.168,0.2,3.53,-0.51
2011_9,2.24,-0.29,-0.53,0.67,19.99,24.29,25.92,28.0,0.291,-0.087,-0.39,-2.3,1.7,1345,0.36,-0.029,0.24,1.42,0.51
2011_10,3.32,0.12,-0.81,0.94,20.24,23.92,25.67,27.86,1.415,-0.009,0.86,-3.05,1.2,1372,0.44,0.07,0.28,1.65,1.06
2011_11,3.36,2.08,-1.34,1.3,21.09,23.98,25.52,27.8,1.716,0.103,-0.76,-9.09,1.8,1531,0.21,0.363,-0.05,1.67,0.39
2012_1,3.13,-0.46,-1.92,0.86,24.38,25.09,25.67,27.3,4.865,0.105,0.13,-16.07,1.8,1331,0.16,1.082,-0.32,-0.16,-1.58
2012_2,1.33,-0.64,-0.33,0.03,26.46,26.22,26.08,27.29,3.723,0.044,0.7,-15.25,0.8,1068,-0.02,1.479,-0.51,-0.14,1.01
2012_3,-2.18,1.35,-2.59,0.93,26.65,27.02,26.67,27.56,0.165,-0.149,-0.19,-16.74,1.2,1150,-0.26,1.613,-0.08,-0.5,0.82
2012_4,-1.23,-1.59,0.31,0.37,26.44,27.56,27.32,28.03,-1.349,0.051,-0.09,-17.62,-0.4,1131,-0.17,1.596,-0.33,0.44,-0.29
2012_5,-0.85,-0.47,-1.46,-0.79,25.29,27.34,27.61,28.4,2.668,0.129,-0.29,-22.04,0.1,1215,0.09,1.191,-0.04,0.3,-1.66
2012_6,0.48,0.01,-0.95,-2.25,24.14,27.05,27.75,28.58,0.168,-0.048,-0.42,-25.89,-0.7,1209,0.31,0.601,0.04,1.77,-1.39
2012_7,0.74,-1.43,-1.01,-1.29,22.36,26.37,27.54,28.64,1.868,-0.096,-0.57,-27.82,-0.1,1361,0.3,-0.046,-0.03,2.88,0.58
2012_8,2.05,1.15,0.63,-1.39,21.07,25.64,27.32,28.86,-1.316,-0.008,-0.2,-27.93,-0.3,1157,0.52,-0.718,-0.08,4.44,-0.07
2012_9,3.49,-0.49,0.16,-0.43,20.79,25.24,27.1,28.97,2.833,0.027,-0.39,-26.6,0.4,1230,0.72,-1.412,0.02,4.72,0.69
2012_10,4.97,-1.01,0.58,-1.73,20.65,25.0,26.98,29.07,-0.19,0.055,-1.13,-24.51,0.5,1232,0.78,-1.74,0.03,4.51,-2.53
2012_11,5.35,-0.59,0.12,-0.74,21.24,25.08,26.86,29.0,-2.34,0.119,-1.06,-18.95,0.4,1209,0.75,-1.626,0.03,3.89,-2.02
2013_1,2.86,0.46,0.12,-0.11,23.89,25.0,26.01,28.24,6.643,0.146,0.05,-6.07,-0.1,1271,0.44,-1.149,0.39,-0.14,0.07
2013_2,1.63,-1.28,-0.88,-0.96,25.37,25.84,26.24,28.01,8.002,0.22,0.3,-1.23,-0.4,1042,0.4,-0.999,0.25,-0.1,1.49
2013_3,3.72,2.31,0.7,-2.09,25.81,27.08,27.03,27.95,2.063,0.192,-0.26,2.85,2.5,1113,0.7,-1.167,0.26,-0.6,0.59
2013_4,2.22,-0.4,1.24,0.6,24.31,27.22,27.57,28.36,2.727,0.181,-1.76,8.39,0.4,1251,0.53,-1.528,0.35,0.36,-1.86
2013_5,3.12,-2.06,-0.26,0.58,22.83,26.43,27.53,28.69,1.356,0.147,-0.24,12.64,1.3,1313,0.64,-1.929,0.48,-0.38,-1.13
2013_6,0.86,-2.3,1.68,0.83,21.22,25.73,27.3,28.77,1.163,0.027,-0.35,13.38,2.0,1101,0.32,-2.379,0.28,0.6,-0.47
2013_7,0.75,-0.17,0.93,0.7,20.36,25.1,26.91,28.66,0.47,0.052,-0.71,14.27,1.3,1155,0.34,-2.398,0.23,0.34,-0.88
2013_8,1.63,-1.94,-1.09,1.12,19.85,24.47,26.47,28.61,-1.299,0.054,-0.06,14.66,0.3,1154,0.56,-2.185,0.25,3.73,-0.17
2013_9,2.9,-0.58,-1.44,0.38,19.95,24.58,26.54,28.65,-0.257,0.12,0.41,13.12,0.5,1026,0.61,-1.936,0.03,3.87,1.93
2013_10,4.48,0.63,0.99,-0.88,20.27,24.79,26.52,28.72,0.932,0.084,-0.21,11.69,-0.1,1324,0.66,-1.583,0.04,4.32,-0.09
2013_11,3.06,-0.88,1.16,0.81,21.09,24.9,26.56,28.74,0.144,0.203,-1.14,12.45,1.2,1483,0.32,-1.043,-0.07,2.14,-0.04
2014_1,0.77,-1.32,1.11,-0.17,24.56,25.23,26.05,28.14,3.977,0.11,0.59,13.13,2.4,1601,0.13,-1.358,0.11,-0.04,0.54
2014_2,-1.92,-1.93,0.31,1.07,25.49,25.62,26.14,28.27,-0.953,0.011,-1.57,12.68,0.1,1702,-0.08,-1.503,0.22,0.09,-1.37
2014_3,-4.4,-0.11,1.24,0.44,26.17,26.89,27.0,28.6,-0.602,0.03,-0.5,11.72,-1.5,1499,-0.35,-1.408,0.22,0.53,-0.43
2014_4,-3.68,1.23,0.05,0.19,25.51,27.64,27.9,28.98,1.158,0.122,-0.0,7.15,1.3,1442,-0.21,-1.483,0.23,1.47,-1.36
2014_5,-3.8,-1.45,0.77,-0.8,25.48,27.64,28.25,29.45,1.391,0.307,-0.59,-2.81,0.9,1302,-0.06,-1.122,0.48,1.59,-0.85
2014_6,-4.29,0.03,-0.69,-0.67,24.67,27.15,27.96,29.36,0.565,0.321,-1.44,-13.98,0.3,1221,-0.05,-0.636,0.47,1.92,-0.3
2014_7,-2.13,-0.31,0.33,0.21,22.94,26.12,27.23,29.04,-0.953,0.112,0.5,-19.29,-0.3,1373,0.14,-0.406,0.17,3.78,-1.63
2014_8,-0.34,-1.69,-1.03,-2.28,21.9,25.3,26.82,29.04,-1.605,0.134,1.35,-21.64,-1.2,1252,0.23,-0.499,0.24,4.64,-0.77
2014_9,1.8,0.47,0.2,1.72,21.52,25.27,27.01,29.16,-3.836,0.159,0.78,-23.24,-1.2,1477,0.51,-0.813,0.26,4.95,-1.23
2014_10,3.18,-0.37,-0.66,-0.87,21.71,25.56,27.16,29.24,-3.229,0.149,1.14,-23.86,-1.0,1551,0.56,-1.238,0.16,4.81,-0.32
2014_11,3.1,1.28,3.21,0.58,22.45,25.88,27.46,29.43,-1.818,0.195,0.64,-23.65,-1.5,1547,0.35,-1.715,-0.32,2.88,0.13
2015_1,-0.8,-0.24,1.27,1.57,24.41,26.01,27.05,29.07,2.083,0.171,0.14,-26.7,-1.4,1415,0.17,-2.476,0.43,0.31,-0.22
2015_2,-1.78,-0.92,1.18,1.05,25.57,26.46,27.17,29.07,-1.67,0.151,0.49,-28.62,0.4,1289,0.11,-2.435,0.42,0.08,-1.37
2015_3,-4.23,0.27,1.13,1.12,26.57,27.3,27.75,29.22,0.931,0.188,-0.52,-28.15,-1.2,1263,-0.11,-1.984,0.23,-0.16,0.41
2015_4,-5.65,1.12,-0.35,0.64,26.54,28.21,28.52,29.61,0.631,0.143,-0.39,-24.38,-0.1,1290,-0.24,-1.434,0.36,2.3,1.23
2015_5,-4.08,-1.5,0.49,0.19,25.96,28.2,28.85,29.85,-2.497,0.205,-0.05,-12.33,-1.2,1199,0.08,-0.702,0.46,2.63,2.14
2015_6,-4.13,-0.78,1.72,0.24,25.32,28.07,28.9,29.88,-1.473,0.232,-0.07,2.18,-0.9,1268,-0.07,-0.198,0.38,4.96,-0.03
2015_7,-1.6,2.01,0.23,-3.14,24.5,27.66,28.75,29.78,-4.051,0.106,0.29,7.45,-1.9,1070,0.16,0.1,0.07,5.65,0.77
2015_8,1.1,-0.37,-0.28,-1.1,22.66,27.21,28.79,29.77,-3.224,0.116,0.05,10.97,-2.4,1065,0.43,0.112,-0.11,6.86,-1.5
2015_9,2.44,-1.67,-1.38,-0.49,23.01,27.4,28.93,29.82,-2.707,0.147,-0.8,12.07,-2.7,1020,0.72,-0.139,-0.04,8.8,-1.38
2015_10,3.95,0.59,0.33,0.99,23.14,27.6,29.08,29.84,-4.079,0.137,2.12,13.38,-2.8,1040,0.93,-0.404,0.28,9.14,-0.75
2015_11,1.08,0.56,-0.94,1.7,23.93,27.95,29.42,30.13,2.093,0.283,-0.2,12.79,-0.8,1095,0.49,-0.676,0.37,7.35,0.77
2016_1,-0.56,-0.5,-0.35,-0.37,26.36,28.25,29.11,29.54,-6.935,0.54,1.94,9.34,-3.6,1034,0.5,-1.63,0.81,3.96,0.96
2016_2,-0.66,-2.39,0.23,1.35,27.4,28.38,29.01,29.41,0.825,0.449,1.68,6.77,-3.2,1035,0.45,-1.802,0.59,1.41,1.61
2016_3,-1.4,0.26,0.24,0.37,27.83,28.74,28.9,29.39,-2.065,0.64,0.41,3.16,-0.1,915,0.39,-1.946,0.6,4.04,-0.2
2016_4,-1.58,-0.5,1.47,0.26,25.98,28.2,28.72,29.37,-1.135,0.573,0.6,0.64,-2.0,934,0.32,-1.978,0.39,2.53,-0.26
2016_5,0.09,-1.99,0.14,-0.67,24.9,27.23,28.23,29.45,0.272,0.541,-0.85,2.37,0.7,932,0.38,-1.763,0.35,3.08,0.62
2016_6,-0.1,-1.85,1.26,-0.13,23.77,26.48,27.69,29.35,1.559,0.454,-0.64,3.86,1.1,819,0.39,-1.441,0.68,5.47,-0.62
2016_7,-0.14,-1.01,-0.36,-1.72,22.21,25.19,26.82,29.05,1.753,0.469,0.53,6.25,0.7,859,0.37,-0.968,0.63,6.38,-1.42
2016_8,1.09,-3.3,-0.42,-2.24,21.25,24.59,26.28,28.73,0.404,0.415,-0.91,10.07,1.2,849,0.49,-0.508,0.52,5.45,-0.37
2016_9,2.11,0.13,-1.41,0.74,21.29,24.64,26.14,28.51,3.795,0.344,0.11,10.48,2.0,877,0.39,-0.101,0.26,4.28,-1.75
2016_10,2.65,-1.33,-0.84,0.96,21.36,24.42,25.98,28.32,-1.928,0.301,1.53,12.83,-0.4,860,0.55,0.324,0.46,5.94,0.54
2016_11,3.57,-0.93,-1.43,-0.31,21.78,24.48,25.94,28.24,-0.487,0.232,1.44,14.16,-0.2,785,0.46,0.69,0.28,3.65,1.01
2017_1,1.69,0.63,0.39,0.05,25.5,25.58,26.12,28.16,-1.788,0.162,-0.29,14.92,0.3,773,0.49,1.447,0.58,-0.03,0.55
2017_2,0.82,1.14,0.21,0.69,27.46,26.83,26.67,28.11,-4.725,0.082,-0.05,14.78,-0.1,768,0.23,1.465,0.09,0.43,-0.15
2017_3,-1.07,-1.02,-1.04,0.37,28.1,27.55,27.32,28.29,2.897,0.13,-0.03,14.35,1.5,746,0.13,1.268,0.29,0.63,-2.13
2017_4,0.13,0.71,1.04,1.74,26.59,28.03,28.03,28.69,-0.849,-0.015,0.14,13.88,-0.3,810,0.47,0.592,0.4,1.77,-0.36
2017_5,2.16,1.48,-0.72,-1.72,24.63,27.55,28.3,29.1,0.702,0.104,-0.19,8.01,0.4,735,0.58,-0.267,0.47,1.83,0.68
2017_6,1.16,0.34,0.5,0.35,22.89,26.68,28.06,29.29,-1.26,0.144,1.18,-3.18,-0.7,747,0.6,-1.15,0.57,1.76,-0.75
2017_7,2.1,-0.58,0.0,1.28,21.64,25.84,27.54,29.16,1.494,0.246,1.33,-10.48,1.3,776,0.6,-1.575,0.35,4.92,0.46
2017_8,1.93,-2.93,-1.65,-1.53,20.67,24.87,26.7,28.87,-0.59,0.299,0.2,-14.42,0.9,779,0.67,-1.925,0.59,4.87,-1.38
2017_9,3.1,-2.52,-0.46,-0.45,19.92,24.18,26.29,28.72,-0.104,0.291,-0.32,-15.28,1.0,933,0.52,-1.847,0.27,3.67,-1.23
2017_10,2.94,-0.02,-0.58,0.71,20.21,24.26,26.15,28.56,3.587,0.253,-0.28,-16.79,1.5,764,0.45,-1.735,0.42,3.13,0.7
2017_11,4.48,-1.21,0.41,-0.14,20.46,24.02,25.74,28.3,-1.122,0.264,-1.98,-17.2,1.5,723,0.53,-1.548,0.2,2.73,0.7
2018_1,2.12,-1.62,0.66,1.17,23.44,24.48,25.57,27.88,2.872,0.179,-0.14,-19.02,1.8,700,0.28,-1.134,0.62,-0.07,0.43
2018_2,-0.22,-1.4,0.23,1.34,25.13,25.5,25.97,27.85,6.484,0.065,-1.67,-19.37,-0.8,720,-0.09,-1.26,-0.01,-0.06,0.4
2018_3,0.56,4.03,0.3,-1.38,25.13,26.27,26.48,28.1,-0.816,0.127,-1.16,-19.77,2.4,684,0.02,-1.32,0.17,0.11,0.84
2018_4,-2.9,0.49,-0.18,1.2,24.51,26.96,27.31,28.65,1.226,0.133,-1.12,-21.41,0.8,700,-0.17,-1.65,0.28,0.92,-0.67
2018_5,-4.72,-1.45,-0.98,2.02,23.67,26.92,27.73,29.07,-0.08,0.132,-1.09,-24.23,0.6,709,-0.4,-1.978,0.28,0.5,-0.19
2018_6,-6.48,-0.24,0.05,1.41,22.4,26.63,27.77,29.21,0.753,0.022,0.66,-28.45,-0.2,725,-0.48,-2.118,0.46,0.92,-0.44
2018_7,-4.72,-2.16,-0.16,1.42,21.56,25.92,27.42,29.13,1.353,0.011,-0.76,-29.1,0.4,697,-0.21,-2.089,0.38,0.81,-0.81
2018_8,-1.36,-0.47,-0.78,2.4,20.74,25.06,26.94,29.24,0.564,0.017,1.24,-20.41,-0.5,691,0.01,-2.159,0.41,2.65,-1.38
2018_9,-0.78,-1.76,-0.83,1.78,20.65,25.25,27.19,29.34,0.625,0.012,1.16,-9.91,-1.5,683,0.33,-1.979,0.36,5.28,-1.78
2018_10,0.99,0.36,1.17,1.53,21.18,25.73,27.62,29.71,-0.584,0.158,0.39,-2.79,0.6,695,0.29,-1.89,0.53,3.62,-1.14
2018_11,-0.68,1.51,1.42,-0.25,22.46,26.0,27.61,29.61,0.013,0.173,0.22,3.36,-0.1,689,-0.01,-1.734,0.39,1.47,-0.61
2019_1,-0.7,0.72,1.07,0.18,25.4,26.26,27.19,29.08,-2.519,0.117,0.42,9.02,-0.1,716,0.08,-1.725,0.75,0.36,1.05
2019_2,-0.03,0.45,1.2,-0.11,26.62,26.99,27.46,28.91,-4.261,0.022,-1.73,9.25,-2.3,706,0.14,-1.774,0.68,0.59,2.09
2019_3,-3.01,-1.15,2.11,0.89,26.61,27.84,28.09,28.96,-1.829,0.04,-0.05,11.82,-0.5,715,0.01,-1.892,1.02,0.85,0.88
2019_4,-3.54,0.82,0.67,0.36,25.83,28.13,28.44,29.15,1.068,0.143,-0.84,13.36,0.2,725,-0.02,-2.226,0.65,2.41,-1.3
2019_5,-2.08,-0.7,0.32,-2.38,24.61,27.75,28.48,29.45,-2.324,0.163,-0.17,14.59,-0.7,713,0.12,-2.535,0.65,1.3,-0.63
2019_6,-1.35,0.3,1.74,-0.79,22.78,26.82,28.18,29.58,0.534,0.227,0.24,14.36,-0.7,681,0.3,-2.75,0.58,4.24,-1.92
2019_7,-0.14,1.02,0.1,-1.39,21.27,25.7,27.64,29.66,0.429,0.242,0.62,10.96,-0.6,673,0.37,-3.045,0.5,5.99,-0.27
2019_8,0.33,-1.68,-1.18,-1.62,20.24,24.79,26.9,29.44,-1.844,0.134,1.16,9.97,-0.2,671,0.42,-3.344,0.41,5.89,-2.19
2019_9,2.33,0.79,-1.5,-0.01,20.01,24.63,26.75,29.34,-0.722,0.031,1.62,8.25,-1.9,680,0.57,-3.286,0.48,5.35,0.86
2019_10,2.25,-0.52,-0.47,-1.03,20.27,25.14,27.2,29.51,0.875,0.152,-0.97,7.27,-0.6,675,0.44,-3.001,0.47,5.1,-0.81
2019_11,-0.02,-0.59,1.93,0.16,21.55,25.43,27.22,29.46,-1.041,0.097,-0.07,5.07,-1.4,702,0.26,-2.857,1.06,3.15,-0.12
2020_1,-1.87,0.66,-0.6,1.05,24.2,25.88,27.15,29.17,4.926,0.403,-0.95,-2.51,0.3,723,0.25,-2.208,1.28,0.33,0.69
2020_2,-1.51,-0.06,-1.79,0.98,26.12,26.51,27.12,28.97,6.851,0.403,-0.07,-3.2,-0.1,709,0.5,-2.029,0.84,0.56,1.46
2020_3,-0.49,0.57,0.44,0.66,26.43,27.41,27.76,29.07,-0.6,0.461,-2.41,-4.36,-0.2,702,0.73,-1.811,0.66,1.3,1.29
2020_4,0.19,1.82,1.54,-1.26,25.81,27.86,28.18,29.15,1.467,0.469,-1.38,-5.03,0.3,696,0.62,-1.756,0.72,2.63,-1.34
2020_5,-1.04,-0.55,0.04,-0.33,24.28,26.92,27.66,29.01,-1.671,0.37,0.27,-4.86,0.7,692,0.52,-1.891,0.88,2.88,0.12
2020_6,0.52,-2.01,-0.69,0.16,22.43,25.93,27.39,29.09,0.942,0.458,0.86,-2.78,-0.6,697,0.72,-1.855,0.6,4.38,-1.25
2020_7,-0.59,-0.68,-1.97,-1.19,20.68,25.22,26.99,28.89,0.577,0.581,1.2,0.34,0.7,695,0.65,-1.72,0.55,5.98,-0.54
2020_8,0.29,0.64,-2.39,0.03,19.96,24.5,26.26,28.47,-0.463,0.546,1.8,4.78,1.8,717,0.59,-1.586,0.5,5.79,-0.21
2020_9,1.9,-0.94,0.06,1.11,19.5,23.91,25.89,28.21,-0.276,0.454,0.59,7.95,1.5,706,0.52,-1.09,0.24,3.53,-2.44
2020_10,3.77,-1.82,0.57,-0.2,20.42,23.88,25.46,27.96,1.612,0.311,-1.08,10.8,0.8,746,0.61,-0.441,0.39,4.49,-1.18
2020_11,2.92,0.08,-0.66,2.54,21.07,23.9,25.28,27.8,1.998,0.23,0.21,11.15,1.1,901,0.39,0.165,0.12,2.34,0.72
2021_1,3.39,-1.34,-0.71,-1.8,23.68,25.04,25.55,27.27,2.624,0.063,-0.41,10.19,3.2,901,0.52,0.701,0.21,-0.17,2.45
2021_2,1.97,0.83,-0.8,-0.29,25.24,25.68,25.75,27.24,7.788,0.079,-0.71,8.92,2.5,873,0.41,0.379,-0.06,-0.3,0.76
2021_3,0.16,2.98,-1.29,0.36,25.74,26.52,26.48,27.67,3.533,0.149,-1.24,9.75,0.6,761,0.14,-0.007,0.14,-0.54,2.05
2021_4,-0.97,-0.43,0.8,-1.69,24.59,26.79,27.1,28.2,1.231,0.033,-1.26,5.25,0.6,743,0.32,-0.422,0.37,-0.39,-0.12
2021_5,-2.29,-1.22,0.0,-1.1,23.63,26.69,27.47,28.71,3.647,0.103,-1.1,0.31,0.8,765,0.24,-0.642,0.76,0.26,0.18
2021_6,-4.13,-1.77,-0.26,1.08,22.75,26.3,27.45,28.83,-1.396,0.097,0.82,-6.93,0.7,747,0.14,-0.817,0.89,0.55,-0.82
2021_7,-4.12,-0.49,-1.28,0.06,21.75,25.49,26.9,28.67,1.899,0.218,0.11,-13.17,2.3,798,0.25,-0.521,1.11,1.64,-0.44
2021_8,-2.29,-2.37,-1.82,-0.49,20.71,24.66,26.32,28.5,-0.326,0.347,0.93,-13.82,1.0,810,0.26,-0.19,0.92,3.83,-1.94
2021_9,1.31,0.53,-1.89,-0.06,20.02,24.47,26.17,28.22,2.405,0.272,0.33,-16.56,1.3,779,0.54,-0.198,0.58,4.73,-0.65
2021_10,1.83,-0.62,-2.42,-1.98,20.15,24.2,25.77,28.03,1.03,0.286,1.41,-19.14,1.2,901,0.46,-0.287,0.65,4.35,1.74
2021_11,3.18,0.01,0.34,-0.33,20.53,24.07,25.76,28.02,3.225,0.301,0.68,-19.78,1.6,866,0.42,-0.451,0.5,2.3,-0.15
2022_1,2.97,1.11,0.51,0.74,23.46,24.35,25.6,27.95,3.742,0.312,0.65,-23.01,0.8,1041,0.61,-0.569,0.47,0.16,-1.44
2022_2,2.1,-0.92,-0.9,1.46,24.52,25.26,25.86,27.83,8.085,0.194,0.58,-25.19,1.8,1091,0.57,-0.517,0.73,0.03,-0.39
2022_3,-1.27,1.41,0.35,0.4,25.73,26.47,26.31,27.63,4.665,0.304,-0.16,-26.34,2.9,1178,0.08,-0.574,0.57,-0.13,0.58
2022_4,-2.44,-0.09,-0.73,-0.54,24.14,26.66,26.7,27.8,3.27,0.251,-0.96,-26.2,2.8,1306,0.04,-0.601,0.46,-0.04,0.31
2022_5,-0.24,0.9,-0.34,0.71,22.76,26.2,26.82,28.12,3.374,0.234,-0.64,-19.7,2.4,1340,0.34,-0.374,0.36,0.2,-1.38
2022_6,-0.6,-0.51,-0.04,0.19,21.63,25.81,26.98,28.27,0.653,0.376,-0.22,-3.78,2.8,1161,0.48,-0.478,0.61,1.32,-1.66
2022_7,-1.57,-1.17,-1.64,-0.06,20.76,25.28,26.6,27.92,0.204,0.266,1.96,3.04,1.3,1256,0.32,-0.313,0.34,1.89,-0.52
2022_8,-0.21,-3.43,-1.11,1.76,20.41,24.44,25.88,27.7,0.179,0.233,0.76,7.87,1.7,1181,0.47,-0.28,0.38,4.12,-0.41
2022_9,2.2,-1.05,-0.81,-1.42,19.71,23.94,25.65,27.59,-0.33,0.358,0.13,9.8,2.7,1347,0.62,-0.133,0.35,4.31,1.82
2022_10,2.8,-0.74,-0.06,-0.27,19.23,23.88,25.73,27.64,2.508,0.287,0.35,10.93,2.8,1328,0.5,0.123,0.52,4.74,1.04
2022_11,2.2,0.8,0.42,0.59,20.52,24.16,25.8,27.71,3.61,0.231,-0.71,12.45,0.5,1236,0.33,0.135,0.51,1.71,0.34
